{"efVersion":"0.11.7","efModuleName":["Control","Monad","Trans","Class"],"efExports":[{"ValueRef":[{"start":[1,1],"name":"C:\\Users\\Shashi\\juspay\\cube-rotation-narayan\\bower_components\\purescript-transformers\\src\\Control\\Monad\\Trans\\Class.purs","end":[23,45]},{"Ident":"lift"}]},{"TypeClassRef":[{"start":[1,1],"name":"C:\\Users\\Shashi\\juspay\\cube-rotation-narayan\\bower_components\\purescript-transformers\\src\\Control\\Monad\\Trans\\Class.purs","end":[23,45]},"MonadTrans"]}],"efImports":[{"eiModule":["Prim"],"eiImportType":{"Implicit":[]},"eiImportedAs":["Prim"]},{"eiModule":["Prim"],"eiImportType":{"Implicit":[]},"eiImportedAs":null},{"eiModule":["Prelude"],"eiImportType":{"Explicit":[{"TypeClassRef":[{"start":[5,17],"name":"C:\\Users\\Shashi\\juspay\\cube-rotation-narayan\\bower_components\\purescript-transformers\\src\\Control\\Monad\\Trans\\Class.purs","end":[5,28]},"Monad"]}]},"eiImportedAs":null}],"efFixities":[],"efTypeFixities":[],"efDeclarations":[{"EDValue":{"edValueName":{"Ident":"lift"},"edValueType":{"tag":"ForAll","contents":["t",{"tag":"ForAll","contents":["a",{"tag":"ForAll","contents":["m",{"tag":"ConstrainedType","contents":[{"constraintClass":[["Control","Monad","Trans","Class"],"MonadTrans"],"constraintArgs":[{"tag":"TypeVar","contents":"t"}],"constraintData":null},{"tag":"ConstrainedType","contents":[{"constraintClass":[["Control","Monad"],"Monad"],"constraintArgs":[{"tag":"TypeVar","contents":"m"}],"constraintData":null},{"tag":"TypeApp","contents":[{"tag":"TypeApp","contents":[{"tag":"TypeConstructor","contents":[["Prim"],"Function"]},{"tag":"TypeApp","contents":[{"tag":"TypeVar","contents":"m"},{"tag":"TypeVar","contents":"a"}]}]},{"tag":"TypeApp","contents":[{"tag":"TypeApp","contents":[{"tag":"TypeVar","contents":"t"},{"tag":"TypeVar","contents":"m"}]},{"tag":"TypeVar","contents":"a"}]}]}]}]},0]},1]},2]}}},{"EDType":{"edTypeName":"MonadTrans","edTypeKind":{"tag":"FunKind","contents":[{"tag":"FunKind","contents":[{"tag":"FunKind","contents":[{"tag":"NamedKind","contents":[["Prim"],"Type"]},{"tag":"NamedKind","contents":[["Prim"],"Type"]}]},{"tag":"FunKind","contents":[{"tag":"NamedKind","contents":[["Prim"],"Type"]},{"tag":"NamedKind","contents":[["Prim"],"Type"]}]}]},{"tag":"NamedKind","contents":[["Prim"],"Type"]}]},"edTypeDeclarationKind":"TypeSynonym"}},{"EDTypeSynonym":{"edTypeSynonymName":"MonadTrans","edTypeSynonymArguments":[["t",null]],"edTypeSynonymType":{"tag":"TypeApp","contents":[{"tag":"TypeConstructor","contents":[["Prim"],"Record"]},{"tag":"RCons","contents":["lift",{"tag":"ForAll","contents":["a",{"tag":"ForAll","contents":["m",{"tag":"ConstrainedType","contents":[{"constraintClass":[["Control","Monad"],"Monad"],"constraintArgs":[{"tag":"TypeVar","contents":"m"}],"constraintData":null},{"tag":"TypeApp","contents":[{"tag":"TypeApp","contents":[{"tag":"TypeConstructor","contents":[["Prim"],"Function"]},{"tag":"TypeApp","contents":[{"tag":"TypeVar","contents":"m"},{"tag":"TypeVar","contents":"a"}]}]},{"tag":"TypeApp","contents":[{"tag":"TypeApp","contents":[{"tag":"TypeVar","contents":"t"},{"tag":"TypeVar","contents":"m"}]},{"tag":"TypeVar","contents":"a"}]}]}]},null]},null]},{"tag":"REmpty"}]}]}}},{"EDClass":{"edClassName":"MonadTrans","edClassTypeArguments":[["t",null]],"edClassMembers":[[{"Ident":"lift"},{"tag":"ForAll","contents":["a",{"tag":"ForAll","contents":["m",{"tag":"ConstrainedType","contents":[{"constraintClass":[["Control","Monad"],"Monad"],"constraintArgs":[{"tag":"TypeVar","contents":"m"}],"constraintData":null},{"tag":"TypeApp","contents":[{"tag":"TypeApp","contents":[{"tag":"TypeConstructor","contents":[["Prim"],"Function"]},{"tag":"TypeApp","contents":[{"tag":"TypeVar","contents":"m"},{"tag":"TypeVar","contents":"a"}]}]},{"tag":"TypeApp","contents":[{"tag":"TypeApp","contents":[{"tag":"TypeVar","contents":"t"},{"tag":"TypeVar","contents":"m"}]},{"tag":"TypeVar","contents":"a"}]}]}]},null]},null]}]],"edClassConstraints":[],"edFunctionalDependencies":[]}}],"efSourceSpan":{"start":[1,1],"name":"C:\\Users\\Shashi\\juspay\\cube-rotation-narayan\\bower_components\\purescript-transformers\\src\\Control\\Monad\\Trans\\Class.purs","end":[23,45]}}