{"efVersion":"0.11.7","efModuleName":["Control","Monad","Gen","Class"],"efExports":[{"ValueRef":[{"start":[1,1],"name":"C:\\Users\\Shashi\\juspay\\cube-rotation-narayan\\bower_components\\purescript-gen\\src\\Control\\Monad\\Gen\\Class.purs","end":[26,13]},{"Ident":"chooseBool"}]},{"ValueRef":[{"start":[1,1],"name":"C:\\Users\\Shashi\\juspay\\cube-rotation-narayan\\bower_components\\purescript-gen\\src\\Control\\Monad\\Gen\\Class.purs","end":[26,13]},{"Ident":"chooseFloat"}]},{"ValueRef":[{"start":[1,1],"name":"C:\\Users\\Shashi\\juspay\\cube-rotation-narayan\\bower_components\\purescript-gen\\src\\Control\\Monad\\Gen\\Class.purs","end":[26,13]},{"Ident":"chooseInt"}]},{"ValueRef":[{"start":[1,1],"name":"C:\\Users\\Shashi\\juspay\\cube-rotation-narayan\\bower_components\\purescript-gen\\src\\Control\\Monad\\Gen\\Class.purs","end":[26,13]},{"Ident":"resize"}]},{"ValueRef":[{"start":[1,1],"name":"C:\\Users\\Shashi\\juspay\\cube-rotation-narayan\\bower_components\\purescript-gen\\src\\Control\\Monad\\Gen\\Class.purs","end":[26,13]},{"Ident":"sized"}]},{"TypeClassRef":[{"start":[1,1],"name":"C:\\Users\\Shashi\\juspay\\cube-rotation-narayan\\bower_components\\purescript-gen\\src\\Control\\Monad\\Gen\\Class.purs","end":[26,13]},"MonadGen"]},{"TypeRef":[{"start":[1,1],"name":"C:\\Users\\Shashi\\juspay\\cube-rotation-narayan\\bower_components\\purescript-gen\\src\\Control\\Monad\\Gen\\Class.purs","end":[26,13]},"Size",[]]}],"efImports":[{"eiModule":["Prim"],"eiImportType":{"Implicit":[]},"eiImportedAs":["Prim"]},{"eiModule":["Prim"],"eiImportType":{"Implicit":[]},"eiImportedAs":null},{"eiModule":["Prelude"],"eiImportType":{"Implicit":[]},"eiImportedAs":null}],"efFixities":[],"efTypeFixities":[],"efDeclarations":[{"EDValue":{"edValueName":{"Ident":"chooseBool"},"edValueType":{"tag":"ForAll","contents":["m",{"tag":"ConstrainedType","contents":[{"constraintClass":[["Control","Monad","Gen","Class"],"MonadGen"],"constraintArgs":[{"tag":"TypeVar","contents":"m"}],"constraintData":null},{"tag":"TypeApp","contents":[{"tag":"TypeVar","contents":"m"},{"tag":"TypeConstructor","contents":[["Prim"],"Boolean"]}]}]},6]}}},{"EDValue":{"edValueName":{"Ident":"chooseFloat"},"edValueType":{"tag":"ForAll","contents":["m",{"tag":"ConstrainedType","contents":[{"constraintClass":[["Control","Monad","Gen","Class"],"MonadGen"],"constraintArgs":[{"tag":"TypeVar","contents":"m"}],"constraintData":null},{"tag":"TypeApp","contents":[{"tag":"TypeApp","contents":[{"tag":"TypeConstructor","contents":[["Prim"],"Function"]},{"tag":"TypeConstructor","contents":[["Prim"],"Number"]}]},{"tag":"TypeApp","contents":[{"tag":"TypeApp","contents":[{"tag":"TypeConstructor","contents":[["Prim"],"Function"]},{"tag":"TypeConstructor","contents":[["Prim"],"Number"]}]},{"tag":"TypeApp","contents":[{"tag":"TypeVar","contents":"m"},{"tag":"TypeConstructor","contents":[["Prim"],"Number"]}]}]}]}]},5]}}},{"EDValue":{"edValueName":{"Ident":"chooseInt"},"edValueType":{"tag":"ForAll","contents":["m",{"tag":"ConstrainedType","contents":[{"constraintClass":[["Control","Monad","Gen","Class"],"MonadGen"],"constraintArgs":[{"tag":"TypeVar","contents":"m"}],"constraintData":null},{"tag":"TypeApp","contents":[{"tag":"TypeApp","contents":[{"tag":"TypeConstructor","contents":[["Prim"],"Function"]},{"tag":"TypeConstructor","contents":[["Prim"],"Int"]}]},{"tag":"TypeApp","contents":[{"tag":"TypeApp","contents":[{"tag":"TypeConstructor","contents":[["Prim"],"Function"]},{"tag":"TypeConstructor","contents":[["Prim"],"Int"]}]},{"tag":"TypeApp","contents":[{"tag":"TypeVar","contents":"m"},{"tag":"TypeConstructor","contents":[["Prim"],"Int"]}]}]}]}]},4]}}},{"EDValue":{"edValueName":{"Ident":"resize"},"edValueType":{"tag":"ForAll","contents":["m",{"tag":"ForAll","contents":["a",{"tag":"ConstrainedType","contents":[{"constraintClass":[["Control","Monad","Gen","Class"],"MonadGen"],"constraintArgs":[{"tag":"TypeVar","contents":"m"}],"constraintData":null},{"tag":"TypeApp","contents":[{"tag":"TypeApp","contents":[{"tag":"TypeConstructor","contents":[["Prim"],"Function"]},{"tag":"TypeApp","contents":[{"tag":"TypeApp","contents":[{"tag":"TypeConstructor","contents":[["Prim"],"Function"]},{"tag":"TypeConstructor","contents":[["Prim"],"Int"]}]},{"tag":"TypeConstructor","contents":[["Prim"],"Int"]}]}]},{"tag":"TypeApp","contents":[{"tag":"TypeApp","contents":[{"tag":"TypeConstructor","contents":[["Prim"],"Function"]},{"tag":"TypeApp","contents":[{"tag":"TypeVar","contents":"m"},{"tag":"TypeVar","contents":"a"}]}]},{"tag":"TypeApp","contents":[{"tag":"TypeVar","contents":"m"},{"tag":"TypeVar","contents":"a"}]}]}]}]},2]},3]}}},{"EDValue":{"edValueName":{"Ident":"sized"},"edValueType":{"tag":"ForAll","contents":["m",{"tag":"ForAll","contents":["a",{"tag":"ConstrainedType","contents":[{"constraintClass":[["Control","Monad","Gen","Class"],"MonadGen"],"constraintArgs":[{"tag":"TypeVar","contents":"m"}],"constraintData":null},{"tag":"TypeApp","contents":[{"tag":"TypeApp","contents":[{"tag":"TypeConstructor","contents":[["Prim"],"Function"]},{"tag":"TypeApp","contents":[{"tag":"TypeApp","contents":[{"tag":"TypeConstructor","contents":[["Prim"],"Function"]},{"tag":"TypeConstructor","contents":[["Prim"],"Int"]}]},{"tag":"TypeApp","contents":[{"tag":"TypeVar","contents":"m"},{"tag":"TypeVar","contents":"a"}]}]}]},{"tag":"TypeApp","contents":[{"tag":"TypeVar","contents":"m"},{"tag":"TypeVar","contents":"a"}]}]}]},0]},1]}}},{"EDType":{"edTypeName":"MonadGen","edTypeKind":{"tag":"FunKind","contents":[{"tag":"FunKind","contents":[{"tag":"NamedKind","contents":[["Prim"],"Type"]},{"tag":"NamedKind","contents":[["Prim"],"Type"]}]},{"tag":"NamedKind","contents":[["Prim"],"Type"]}]},"edTypeDeclarationKind":"TypeSynonym"}},{"EDTypeSynonym":{"edTypeSynonymName":"MonadGen","edTypeSynonymArguments":[["m",null]],"edTypeSynonymType":{"tag":"TypeApp","contents":[{"tag":"TypeConstructor","contents":[["Prim"],"Record"]},{"tag":"RCons","contents":["chooseInt",{"tag":"TypeApp","contents":[{"tag":"TypeApp","contents":[{"tag":"TypeConstructor","contents":[["Prim"],"Function"]},{"tag":"TypeConstructor","contents":[["Prim"],"Int"]}]},{"tag":"TypeApp","contents":[{"tag":"TypeApp","contents":[{"tag":"TypeConstructor","contents":[["Prim"],"Function"]},{"tag":"TypeConstructor","contents":[["Prim"],"Int"]}]},{"tag":"TypeApp","contents":[{"tag":"TypeVar","contents":"m"},{"tag":"TypeConstructor","contents":[["Prim"],"Int"]}]}]}]},{"tag":"RCons","contents":["chooseFloat",{"tag":"TypeApp","contents":[{"tag":"TypeApp","contents":[{"tag":"TypeConstructor","contents":[["Prim"],"Function"]},{"tag":"TypeConstructor","contents":[["Prim"],"Number"]}]},{"tag":"TypeApp","contents":[{"tag":"TypeApp","contents":[{"tag":"TypeConstructor","contents":[["Prim"],"Function"]},{"tag":"TypeConstructor","contents":[["Prim"],"Number"]}]},{"tag":"TypeApp","contents":[{"tag":"TypeVar","contents":"m"},{"tag":"TypeConstructor","contents":[["Prim"],"Number"]}]}]}]},{"tag":"RCons","contents":["chooseBool",{"tag":"TypeApp","contents":[{"tag":"TypeVar","contents":"m"},{"tag":"TypeConstructor","contents":[["Prim"],"Boolean"]}]},{"tag":"RCons","contents":["resize",{"tag":"ForAll","contents":["a",{"tag":"TypeApp","contents":[{"tag":"TypeApp","contents":[{"tag":"TypeConstructor","contents":[["Prim"],"Function"]},{"tag":"TypeApp","contents":[{"tag":"TypeApp","contents":[{"tag":"TypeConstructor","contents":[["Prim"],"Function"]},{"tag":"TypeConstructor","contents":[["Control","Monad","Gen","Class"],"Size"]}]},{"tag":"TypeConstructor","contents":[["Control","Monad","Gen","Class"],"Size"]}]}]},{"tag":"TypeApp","contents":[{"tag":"TypeApp","contents":[{"tag":"TypeConstructor","contents":[["Prim"],"Function"]},{"tag":"TypeApp","contents":[{"tag":"TypeVar","contents":"m"},{"tag":"TypeVar","contents":"a"}]}]},{"tag":"TypeApp","contents":[{"tag":"TypeVar","contents":"m"},{"tag":"TypeVar","contents":"a"}]}]}]},null]},{"tag":"RCons","contents":["sized",{"tag":"ForAll","contents":["a",{"tag":"TypeApp","contents":[{"tag":"TypeApp","contents":[{"tag":"TypeConstructor","contents":[["Prim"],"Function"]},{"tag":"TypeApp","contents":[{"tag":"TypeApp","contents":[{"tag":"TypeConstructor","contents":[["Prim"],"Function"]},{"tag":"TypeConstructor","contents":[["Control","Monad","Gen","Class"],"Size"]}]},{"tag":"TypeApp","contents":[{"tag":"TypeVar","contents":"m"},{"tag":"TypeVar","contents":"a"}]}]}]},{"tag":"TypeApp","contents":[{"tag":"TypeVar","contents":"m"},{"tag":"TypeVar","contents":"a"}]}]},null]},{"tag":"RCons","contents":["Monad0",{"tag":"TypeApp","contents":[{"tag":"TypeApp","contents":[{"tag":"TypeConstructor","contents":[["Prim"],"Function"]},{"tag":"TypeApp","contents":[{"tag":"TypeConstructor","contents":[["Prim"],"Record"]},{"tag":"REmpty"}]}]},{"tag":"TypeApp","contents":[{"tag":"TypeConstructor","contents":[["Control","Monad"],"Monad"]},{"tag":"TypeVar","contents":"m"}]}]},{"tag":"REmpty"}]}]}]}]}]}]}]}}},{"EDClass":{"edClassName":"MonadGen","edClassTypeArguments":[["m",null]],"edClassMembers":[[{"Ident":"chooseInt"},{"tag":"TypeApp","contents":[{"tag":"TypeApp","contents":[{"tag":"TypeConstructor","contents":[["Prim"],"Function"]},{"tag":"TypeConstructor","contents":[["Prim"],"Int"]}]},{"tag":"TypeApp","contents":[{"tag":"TypeApp","contents":[{"tag":"TypeConstructor","contents":[["Prim"],"Function"]},{"tag":"TypeConstructor","contents":[["Prim"],"Int"]}]},{"tag":"TypeApp","contents":[{"tag":"TypeVar","contents":"m"},{"tag":"TypeConstructor","contents":[["Prim"],"Int"]}]}]}]}],[{"Ident":"chooseFloat"},{"tag":"TypeApp","contents":[{"tag":"TypeApp","contents":[{"tag":"TypeConstructor","contents":[["Prim"],"Function"]},{"tag":"TypeConstructor","contents":[["Prim"],"Number"]}]},{"tag":"TypeApp","contents":[{"tag":"TypeApp","contents":[{"tag":"TypeConstructor","contents":[["Prim"],"Function"]},{"tag":"TypeConstructor","contents":[["Prim"],"Number"]}]},{"tag":"TypeApp","contents":[{"tag":"TypeVar","contents":"m"},{"tag":"TypeConstructor","contents":[["Prim"],"Number"]}]}]}]}],[{"Ident":"chooseBool"},{"tag":"TypeApp","contents":[{"tag":"TypeVar","contents":"m"},{"tag":"TypeConstructor","contents":[["Prim"],"Boolean"]}]}],[{"Ident":"resize"},{"tag":"ForAll","contents":["a",{"tag":"TypeApp","contents":[{"tag":"TypeApp","contents":[{"tag":"TypeConstructor","contents":[["Prim"],"Function"]},{"tag":"TypeApp","contents":[{"tag":"TypeApp","contents":[{"tag":"TypeConstructor","contents":[["Prim"],"Function"]},{"tag":"TypeConstructor","contents":[["Control","Monad","Gen","Class"],"Size"]}]},{"tag":"TypeConstructor","contents":[["Control","Monad","Gen","Class"],"Size"]}]}]},{"tag":"TypeApp","contents":[{"tag":"TypeApp","contents":[{"tag":"TypeConstructor","contents":[["Prim"],"Function"]},{"tag":"TypeApp","contents":[{"tag":"TypeVar","contents":"m"},{"tag":"TypeVar","contents":"a"}]}]},{"tag":"TypeApp","contents":[{"tag":"TypeVar","contents":"m"},{"tag":"TypeVar","contents":"a"}]}]}]},null]}],[{"Ident":"sized"},{"tag":"ForAll","contents":["a",{"tag":"TypeApp","contents":[{"tag":"TypeApp","contents":[{"tag":"TypeConstructor","contents":[["Prim"],"Function"]},{"tag":"TypeApp","contents":[{"tag":"TypeApp","contents":[{"tag":"TypeConstructor","contents":[["Prim"],"Function"]},{"tag":"TypeConstructor","contents":[["Control","Monad","Gen","Class"],"Size"]}]},{"tag":"TypeApp","contents":[{"tag":"TypeVar","contents":"m"},{"tag":"TypeVar","contents":"a"}]}]}]},{"tag":"TypeApp","contents":[{"tag":"TypeVar","contents":"m"},{"tag":"TypeVar","contents":"a"}]}]},null]}]],"edClassConstraints":[{"constraintClass":[["Control","Monad"],"Monad"],"constraintArgs":[{"tag":"TypeVar","contents":"m"}],"constraintData":null}],"edFunctionalDependencies":[]}},{"EDType":{"edTypeName":"Size","edTypeKind":{"tag":"NamedKind","contents":[["Prim"],"Type"]},"edTypeDeclarationKind":"TypeSynonym"}},{"EDTypeSynonym":{"edTypeSynonymName":"Size","edTypeSynonymArguments":[],"edTypeSynonymType":{"tag":"TypeConstructor","contents":[["Prim"],"Int"]}}}],"efSourceSpan":{"start":[1,1],"name":"C:\\Users\\Shashi\\juspay\\cube-rotation-narayan\\bower_components\\purescript-gen\\src\\Control\\Monad\\Gen\\Class.purs","end":[26,13]}}