{"efVersion":"0.11.7","efModuleName":["Control","Monad","Eff","Timer"],"efExports":[{"TypeRef":[{"start":[1,1],"name":"C:\\Users\\Shashi\\juspay\\cube-rotation-narayan\\bower_components\\purescript-js-timers\\src\\Control\\Monad\\Eff\\Timer.purs","end":[65,33]},"TIMER",[]]},{"TypeRef":[{"start":[1,1],"name":"C:\\Users\\Shashi\\juspay\\cube-rotation-narayan\\bower_components\\purescript-js-timers\\src\\Control\\Monad\\Eff\\Timer.purs","end":[65,33]},"TimeoutId",[]]},{"ValueRef":[{"start":[1,1],"name":"C:\\Users\\Shashi\\juspay\\cube-rotation-narayan\\bower_components\\purescript-js-timers\\src\\Control\\Monad\\Eff\\Timer.purs","end":[65,33]},{"Ident":"setTimeout"}]},{"ValueRef":[{"start":[1,1],"name":"C:\\Users\\Shashi\\juspay\\cube-rotation-narayan\\bower_components\\purescript-js-timers\\src\\Control\\Monad\\Eff\\Timer.purs","end":[65,33]},{"Ident":"clearTimeout"}]},{"TypeRef":[{"start":[1,1],"name":"C:\\Users\\Shashi\\juspay\\cube-rotation-narayan\\bower_components\\purescript-js-timers\\src\\Control\\Monad\\Eff\\Timer.purs","end":[65,33]},"IntervalId",[]]},{"ValueRef":[{"start":[1,1],"name":"C:\\Users\\Shashi\\juspay\\cube-rotation-narayan\\bower_components\\purescript-js-timers\\src\\Control\\Monad\\Eff\\Timer.purs","end":[65,33]},{"Ident":"setInterval"}]},{"ValueRef":[{"start":[1,1],"name":"C:\\Users\\Shashi\\juspay\\cube-rotation-narayan\\bower_components\\purescript-js-timers\\src\\Control\\Monad\\Eff\\Timer.purs","end":[65,33]},{"Ident":"clearInterval"}]},{"TypeInstanceRef":[{"start":[0,0],"name":"<generated>","end":[0,0]},{"Ident":"eqTimeoutId"}]},{"TypeInstanceRef":[{"start":[0,0],"name":"<generated>","end":[0,0]},{"Ident":"ordTimeoutId"}]},{"TypeInstanceRef":[{"start":[0,0],"name":"<generated>","end":[0,0]},{"Ident":"eqIntervalId"}]},{"TypeInstanceRef":[{"start":[0,0],"name":"<generated>","end":[0,0]},{"Ident":"ordIntervalId"}]}],"efImports":[{"eiModule":["Prim"],"eiImportType":{"Implicit":[]},"eiImportedAs":["Prim"]},{"eiModule":["Prim"],"eiImportType":{"Implicit":[]},"eiImportedAs":null},{"eiModule":["Prelude"],"eiImportType":{"Implicit":[]},"eiImportedAs":null},{"eiModule":["Control","Monad","Eff"],"eiImportType":{"Explicit":[{"KindRef":[{"start":[13,27],"name":"C:\\Users\\Shashi\\juspay\\cube-rotation-narayan\\bower_components\\purescript-js-timers\\src\\Control\\Monad\\Eff\\Timer.purs","end":[13,38]},"Effect"]},{"TypeRef":[{"start":[13,40],"name":"C:\\Users\\Shashi\\juspay\\cube-rotation-narayan\\bower_components\\purescript-js-timers\\src\\Control\\Monad\\Eff\\Timer.purs","end":[13,43]},"Eff",[]]}]},"eiImportedAs":null}],"efFixities":[],"efTypeFixities":[],"efDeclarations":[{"EDType":{"edTypeName":"TIMER","edTypeKind":{"tag":"NamedKind","contents":[["Control","Monad","Eff"],"Effect"]},"edTypeDeclarationKind":"ExternData"}},{"EDType":{"edTypeName":"TimeoutId","edTypeKind":{"tag":"NamedKind","contents":[["Prim"],"Type"]},"edTypeDeclarationKind":{"DataType":{"args":[],"ctors":[["TimeoutId",[{"tag":"TypeConstructor","contents":[["Prim"],"Int"]}]]]}}}},{"EDValue":{"edValueName":{"Ident":"setTimeout"},"edValueType":{"tag":"ForAll","contents":["eff",{"tag":"TypeApp","contents":[{"tag":"TypeApp","contents":[{"tag":"TypeConstructor","contents":[["Prim"],"Function"]},{"tag":"TypeConstructor","contents":[["Prim"],"Int"]}]},{"tag":"TypeApp","contents":[{"tag":"TypeApp","contents":[{"tag":"TypeConstructor","contents":[["Prim"],"Function"]},{"tag":"TypeApp","contents":[{"tag":"TypeApp","contents":[{"tag":"TypeConstructor","contents":[["Control","Monad","Eff"],"Eff"]},{"tag":"RCons","contents":["timer",{"tag":"TypeConstructor","contents":[["Control","Monad","Eff","Timer"],"TIMER"]},{"tag":"TypeVar","contents":"eff"}]}]},{"tag":"TypeConstructor","contents":[["Data","Unit"],"Unit"]}]}]},{"tag":"TypeApp","contents":[{"tag":"TypeApp","contents":[{"tag":"TypeConstructor","contents":[["Control","Monad","Eff"],"Eff"]},{"tag":"RCons","contents":["timer",{"tag":"TypeConstructor","contents":[["Control","Monad","Eff","Timer"],"TIMER"]},{"tag":"TypeVar","contents":"eff"}]}]},{"tag":"TypeConstructor","contents":[["Control","Monad","Eff","Timer"],"TimeoutId"]}]}]}]},null]}}},{"EDValue":{"edValueName":{"Ident":"clearTimeout"},"edValueType":{"tag":"ForAll","contents":["eff",{"tag":"TypeApp","contents":[{"tag":"TypeApp","contents":[{"tag":"TypeConstructor","contents":[["Prim"],"Function"]},{"tag":"TypeConstructor","contents":[["Control","Monad","Eff","Timer"],"TimeoutId"]}]},{"tag":"TypeApp","contents":[{"tag":"TypeApp","contents":[{"tag":"TypeConstructor","contents":[["Control","Monad","Eff"],"Eff"]},{"tag":"RCons","contents":["timer",{"tag":"TypeConstructor","contents":[["Control","Monad","Eff","Timer"],"TIMER"]},{"tag":"TypeVar","contents":"eff"}]}]},{"tag":"TypeConstructor","contents":[["Data","Unit"],"Unit"]}]}]},null]}}},{"EDType":{"edTypeName":"IntervalId","edTypeKind":{"tag":"NamedKind","contents":[["Prim"],"Type"]},"edTypeDeclarationKind":{"DataType":{"args":[],"ctors":[["IntervalId",[{"tag":"TypeConstructor","contents":[["Prim"],"Int"]}]]]}}}},{"EDValue":{"edValueName":{"Ident":"setInterval"},"edValueType":{"tag":"ForAll","contents":["eff",{"tag":"TypeApp","contents":[{"tag":"TypeApp","contents":[{"tag":"TypeConstructor","contents":[["Prim"],"Function"]},{"tag":"TypeConstructor","contents":[["Prim"],"Int"]}]},{"tag":"TypeApp","contents":[{"tag":"TypeApp","contents":[{"tag":"TypeConstructor","contents":[["Prim"],"Function"]},{"tag":"TypeApp","contents":[{"tag":"TypeApp","contents":[{"tag":"TypeConstructor","contents":[["Control","Monad","Eff"],"Eff"]},{"tag":"RCons","contents":["timer",{"tag":"TypeConstructor","contents":[["Control","Monad","Eff","Timer"],"TIMER"]},{"tag":"TypeVar","contents":"eff"}]}]},{"tag":"TypeConstructor","contents":[["Data","Unit"],"Unit"]}]}]},{"tag":"TypeApp","contents":[{"tag":"TypeApp","contents":[{"tag":"TypeConstructor","contents":[["Control","Monad","Eff"],"Eff"]},{"tag":"RCons","contents":["timer",{"tag":"TypeConstructor","contents":[["Control","Monad","Eff","Timer"],"TIMER"]},{"tag":"TypeVar","contents":"eff"}]}]},{"tag":"TypeConstructor","contents":[["Control","Monad","Eff","Timer"],"IntervalId"]}]}]}]},null]}}},{"EDValue":{"edValueName":{"Ident":"clearInterval"},"edValueType":{"tag":"ForAll","contents":["eff",{"tag":"TypeApp","contents":[{"tag":"TypeApp","contents":[{"tag":"TypeConstructor","contents":[["Prim"],"Function"]},{"tag":"TypeConstructor","contents":[["Control","Monad","Eff","Timer"],"IntervalId"]}]},{"tag":"TypeApp","contents":[{"tag":"TypeApp","contents":[{"tag":"TypeConstructor","contents":[["Control","Monad","Eff"],"Eff"]},{"tag":"RCons","contents":["timer",{"tag":"TypeConstructor","contents":[["Control","Monad","Eff","Timer"],"TIMER"]},{"tag":"TypeVar","contents":"eff"}]}]},{"tag":"TypeConstructor","contents":[["Data","Unit"],"Unit"]}]}]},null]}}},{"EDInstance":{"edInstanceClassName":[["Data","Eq"],"Eq"],"edInstanceName":{"Ident":"eqTimeoutId"},"edInstanceTypes":[{"tag":"TypeConstructor","contents":[["Control","Monad","Eff","Timer"],"TimeoutId"]}],"edInstanceConstraints":[]}},{"EDInstance":{"edInstanceClassName":[["Data","Ord"],"Ord"],"edInstanceName":{"Ident":"ordTimeoutId"},"edInstanceTypes":[{"tag":"TypeConstructor","contents":[["Control","Monad","Eff","Timer"],"TimeoutId"]}],"edInstanceConstraints":[]}},{"EDInstance":{"edInstanceClassName":[["Data","Eq"],"Eq"],"edInstanceName":{"Ident":"eqIntervalId"},"edInstanceTypes":[{"tag":"TypeConstructor","contents":[["Control","Monad","Eff","Timer"],"IntervalId"]}],"edInstanceConstraints":[]}},{"EDInstance":{"edInstanceClassName":[["Data","Ord"],"Ord"],"edInstanceName":{"Ident":"ordIntervalId"},"edInstanceTypes":[{"tag":"TypeConstructor","contents":[["Control","Monad","Eff","Timer"],"IntervalId"]}],"edInstanceConstraints":[]}}],"efSourceSpan":{"start":[1,1],"name":"C:\\Users\\Shashi\\juspay\\cube-rotation-narayan\\bower_components\\purescript-js-timers\\src\\Control\\Monad\\Eff\\Timer.purs","end":[65,33]}}