{"efVersion":"0.11.7","efModuleName":["Data","Interval"],"efExports":[{"ReExportRef":[{"start":[1,1],"name":"C:\\Users\\Shashi\\juspay\\cube-rotation-narayan\\bower_components\\purescript-datetime\\src\\Data\\Interval.purs","end":[115,44]},["Data","Interval","Duration"],{"TypeRef":[{"start":[1,1],"name":"C:\\Users\\Shashi\\juspay\\cube-rotation-narayan\\bower_components\\purescript-datetime\\src\\Data\\Interval.purs","end":[115,44]},"Duration",["Duration"]]}]},{"ReExportRef":[{"start":[1,1],"name":"C:\\Users\\Shashi\\juspay\\cube-rotation-narayan\\bower_components\\purescript-datetime\\src\\Data\\Interval.purs","end":[115,44]},["Data","Interval","Duration"],{"TypeRef":[{"start":[1,1],"name":"C:\\Users\\Shashi\\juspay\\cube-rotation-narayan\\bower_components\\purescript-datetime\\src\\Data\\Interval.purs","end":[115,44]},"DurationComponent",["Day","Hour","Minute","Month","Second","Week","Year"]]}]},{"ReExportRef":[{"start":[1,1],"name":"C:\\Users\\Shashi\\juspay\\cube-rotation-narayan\\bower_components\\purescript-datetime\\src\\Data\\Interval.purs","end":[115,44]},["Data","Interval","Duration"],{"ValueRef":[{"start":[1,1],"name":"C:\\Users\\Shashi\\juspay\\cube-rotation-narayan\\bower_components\\purescript-datetime\\src\\Data\\Interval.purs","end":[115,44]},{"Ident":"day"}]}]},{"ReExportRef":[{"start":[1,1],"name":"C:\\Users\\Shashi\\juspay\\cube-rotation-narayan\\bower_components\\purescript-datetime\\src\\Data\\Interval.purs","end":[115,44]},["Data","Interval","Duration"],{"ValueRef":[{"start":[1,1],"name":"C:\\Users\\Shashi\\juspay\\cube-rotation-narayan\\bower_components\\purescript-datetime\\src\\Data\\Interval.purs","end":[115,44]},{"Ident":"hour"}]}]},{"ReExportRef":[{"start":[1,1],"name":"C:\\Users\\Shashi\\juspay\\cube-rotation-narayan\\bower_components\\purescript-datetime\\src\\Data\\Interval.purs","end":[115,44]},["Data","Interval","Duration"],{"ValueRef":[{"start":[1,1],"name":"C:\\Users\\Shashi\\juspay\\cube-rotation-narayan\\bower_components\\purescript-datetime\\src\\Data\\Interval.purs","end":[115,44]},{"Ident":"millisecond"}]}]},{"ReExportRef":[{"start":[1,1],"name":"C:\\Users\\Shashi\\juspay\\cube-rotation-narayan\\bower_components\\purescript-datetime\\src\\Data\\Interval.purs","end":[115,44]},["Data","Interval","Duration"],{"ValueRef":[{"start":[1,1],"name":"C:\\Users\\Shashi\\juspay\\cube-rotation-narayan\\bower_components\\purescript-datetime\\src\\Data\\Interval.purs","end":[115,44]},{"Ident":"minute"}]}]},{"ReExportRef":[{"start":[1,1],"name":"C:\\Users\\Shashi\\juspay\\cube-rotation-narayan\\bower_components\\purescript-datetime\\src\\Data\\Interval.purs","end":[115,44]},["Data","Interval","Duration"],{"ValueRef":[{"start":[1,1],"name":"C:\\Users\\Shashi\\juspay\\cube-rotation-narayan\\bower_components\\purescript-datetime\\src\\Data\\Interval.purs","end":[115,44]},{"Ident":"month"}]}]},{"ReExportRef":[{"start":[1,1],"name":"C:\\Users\\Shashi\\juspay\\cube-rotation-narayan\\bower_components\\purescript-datetime\\src\\Data\\Interval.purs","end":[115,44]},["Data","Interval","Duration"],{"ValueRef":[{"start":[1,1],"name":"C:\\Users\\Shashi\\juspay\\cube-rotation-narayan\\bower_components\\purescript-datetime\\src\\Data\\Interval.purs","end":[115,44]},{"Ident":"second"}]}]},{"ReExportRef":[{"start":[1,1],"name":"C:\\Users\\Shashi\\juspay\\cube-rotation-narayan\\bower_components\\purescript-datetime\\src\\Data\\Interval.purs","end":[115,44]},["Data","Interval","Duration"],{"ValueRef":[{"start":[1,1],"name":"C:\\Users\\Shashi\\juspay\\cube-rotation-narayan\\bower_components\\purescript-datetime\\src\\Data\\Interval.purs","end":[115,44]},{"Ident":"week"}]}]},{"ReExportRef":[{"start":[1,1],"name":"C:\\Users\\Shashi\\juspay\\cube-rotation-narayan\\bower_components\\purescript-datetime\\src\\Data\\Interval.purs","end":[115,44]},["Data","Interval","Duration"],{"ValueRef":[{"start":[1,1],"name":"C:\\Users\\Shashi\\juspay\\cube-rotation-narayan\\bower_components\\purescript-datetime\\src\\Data\\Interval.purs","end":[115,44]},{"Ident":"year"}]}]},{"TypeRef":[{"start":[1,1],"name":"C:\\Users\\Shashi\\juspay\\cube-rotation-narayan\\bower_components\\purescript-datetime\\src\\Data\\Interval.purs","end":[115,44]},"Interval",["StartEnd","DurationEnd","StartDuration","DurationOnly"]]},{"TypeRef":[{"start":[1,1],"name":"C:\\Users\\Shashi\\juspay\\cube-rotation-narayan\\bower_components\\purescript-datetime\\src\\Data\\Interval.purs","end":[115,44]},"RecurringInterval",["RecurringInterval"]]},{"ModuleRef":[{"start":[4,5],"name":"C:\\Users\\Shashi\\juspay\\cube-rotation-narayan\\bower_components\\purescript-datetime\\src\\Data\\Interval.purs","end":[4,27]},["DurationExports"]]},{"TypeInstanceRef":[{"start":[0,0],"name":"<generated>","end":[0,0]},{"Ident":"eqRecurringInterval"}]},{"TypeInstanceRef":[{"start":[0,0],"name":"<generated>","end":[0,0]},{"Ident":"ordRecurringInterval"}]},{"TypeInstanceRef":[{"start":[0,0],"name":"<generated>","end":[0,0]},{"Ident":"showRecurringInterval"}]},{"TypeInstanceRef":[{"start":[0,0],"name":"<generated>","end":[0,0]},{"Ident":"functorRecurringInterval"}]},{"TypeInstanceRef":[{"start":[0,0],"name":"<generated>","end":[0,0]},{"Ident":"bifunctorRecurringInterval"}]},{"TypeInstanceRef":[{"start":[0,0],"name":"<generated>","end":[0,0]},{"Ident":"foldableRecurringInterval"}]},{"TypeInstanceRef":[{"start":[0,0],"name":"<generated>","end":[0,0]},{"Ident":"bifoldableRecurringInterval"}]},{"TypeInstanceRef":[{"start":[0,0],"name":"<generated>","end":[0,0]},{"Ident":"traversableRecurringInterval"}]},{"TypeInstanceRef":[{"start":[0,0],"name":"<generated>","end":[0,0]},{"Ident":"bitraversableRecurringInterval"}]},{"TypeInstanceRef":[{"start":[0,0],"name":"<generated>","end":[0,0]},{"Ident":"extendRecurringInterval"}]},{"TypeInstanceRef":[{"start":[0,0],"name":"<generated>","end":[0,0]},{"Ident":"eqInterval"}]},{"TypeInstanceRef":[{"start":[0,0],"name":"<generated>","end":[0,0]},{"Ident":"ordInterval"}]},{"TypeInstanceRef":[{"start":[0,0],"name":"<generated>","end":[0,0]},{"Ident":"showInterval"}]},{"TypeInstanceRef":[{"start":[0,0],"name":"<generated>","end":[0,0]},{"Ident":"functorInterval"}]},{"TypeInstanceRef":[{"start":[0,0],"name":"<generated>","end":[0,0]},{"Ident":"bifunctorInterval"}]},{"TypeInstanceRef":[{"start":[0,0],"name":"<generated>","end":[0,0]},{"Ident":"foldableInterval"}]},{"TypeInstanceRef":[{"start":[0,0],"name":"<generated>","end":[0,0]},{"Ident":"bifoldableInterval"}]},{"TypeInstanceRef":[{"start":[0,0],"name":"<generated>","end":[0,0]},{"Ident":"traversableInterval"}]},{"TypeInstanceRef":[{"start":[0,0],"name":"<generated>","end":[0,0]},{"Ident":"bitraversableInterval"}]},{"TypeInstanceRef":[{"start":[0,0],"name":"<generated>","end":[0,0]},{"Ident":"extendInterval"}]}],"efImports":[{"eiModule":["Prim"],"eiImportType":{"Implicit":[]},"eiImportedAs":["Prim"]},{"eiModule":["Prim"],"eiImportType":{"Implicit":[]},"eiImportedAs":null},{"eiModule":["Prelude"],"eiImportType":{"Implicit":[]},"eiImportedAs":null},{"eiModule":["Control","Extend"],"eiImportType":{"Explicit":[{"TypeClassRef":[{"start":[9,24],"name":"C:\\Users\\Shashi\\juspay\\cube-rotation-narayan\\bower_components\\purescript-datetime\\src\\Data\\Interval.purs","end":[9,36]},"Extend"]},{"ValueRef":[{"start":[9,38],"name":"C:\\Users\\Shashi\\juspay\\cube-rotation-narayan\\bower_components\\purescript-datetime\\src\\Data\\Interval.purs","end":[9,44]},{"Ident":"extend"}]}]},"eiImportedAs":null},{"eiModule":["Data","Bifoldable"],"eiImportType":{"Explicit":[{"TypeClassRef":[{"start":[10,25],"name":"C:\\Users\\Shashi\\juspay\\cube-rotation-narayan\\bower_components\\purescript-datetime\\src\\Data\\Interval.purs","end":[10,41]},"Bifoldable"]},{"ValueRef":[{"start":[10,43],"name":"C:\\Users\\Shashi\\juspay\\cube-rotation-narayan\\bower_components\\purescript-datetime\\src\\Data\\Interval.purs","end":[10,50]},{"Ident":"bifoldl"}]},{"ValueRef":[{"start":[10,52],"name":"C:\\Users\\Shashi\\juspay\\cube-rotation-narayan\\bower_components\\purescript-datetime\\src\\Data\\Interval.purs","end":[10,59]},{"Ident":"bifoldr"}]},{"ValueRef":[{"start":[10,61],"name":"C:\\Users\\Shashi\\juspay\\cube-rotation-narayan\\bower_components\\purescript-datetime\\src\\Data\\Interval.purs","end":[10,75]},{"Ident":"bifoldrDefault"}]},{"ValueRef":[{"start":[10,77],"name":"C:\\Users\\Shashi\\juspay\\cube-rotation-narayan\\bower_components\\purescript-datetime\\src\\Data\\Interval.purs","end":[10,94]},{"Ident":"bifoldMapDefaultL"}]}]},"eiImportedAs":null},{"eiModule":["Data","Bifunctor"],"eiImportType":{"Explicit":[{"TypeClassRef":[{"start":[11,24],"name":"C:\\Users\\Shashi\\juspay\\cube-rotation-narayan\\bower_components\\purescript-datetime\\src\\Data\\Interval.purs","end":[11,39]},"Bifunctor"]},{"ValueRef":[{"start":[11,41],"name":"C:\\Users\\Shashi\\juspay\\cube-rotation-narayan\\bower_components\\purescript-datetime\\src\\Data\\Interval.purs","end":[11,46]},{"Ident":"bimap"}]}]},"eiImportedAs":null},{"eiModule":["Data","Bitraversable"],"eiImportType":{"Explicit":[{"TypeClassRef":[{"start":[12,28],"name":"C:\\Users\\Shashi\\juspay\\cube-rotation-narayan\\bower_components\\purescript-datetime\\src\\Data\\Interval.purs","end":[12,47]},"Bitraversable"]},{"ValueRef":[{"start":[12,49],"name":"C:\\Users\\Shashi\\juspay\\cube-rotation-narayan\\bower_components\\purescript-datetime\\src\\Data\\Interval.purs","end":[12,59]},{"Ident":"bitraverse"}]},{"ValueRef":[{"start":[12,61],"name":"C:\\Users\\Shashi\\juspay\\cube-rotation-narayan\\bower_components\\purescript-datetime\\src\\Data\\Interval.purs","end":[12,78]},{"Ident":"bisequenceDefault"}]}]},"eiImportedAs":null},{"eiModule":["Data","Foldable"],"eiImportType":{"Explicit":[{"TypeClassRef":[{"start":[13,23],"name":"C:\\Users\\Shashi\\juspay\\cube-rotation-narayan\\bower_components\\purescript-datetime\\src\\Data\\Interval.purs","end":[13,37]},"Foldable"]},{"ValueRef":[{"start":[13,39],"name":"C:\\Users\\Shashi\\juspay\\cube-rotation-narayan\\bower_components\\purescript-datetime\\src\\Data\\Interval.purs","end":[13,44]},{"Ident":"foldl"}]},{"ValueRef":[{"start":[13,46],"name":"C:\\Users\\Shashi\\juspay\\cube-rotation-narayan\\bower_components\\purescript-datetime\\src\\Data\\Interval.purs","end":[13,51]},{"Ident":"foldr"}]},{"ValueRef":[{"start":[13,53],"name":"C:\\Users\\Shashi\\juspay\\cube-rotation-narayan\\bower_components\\purescript-datetime\\src\\Data\\Interval.purs","end":[13,65]},{"Ident":"foldrDefault"}]},{"ValueRef":[{"start":[13,67],"name":"C:\\Users\\Shashi\\juspay\\cube-rotation-narayan\\bower_components\\purescript-datetime\\src\\Data\\Interval.purs","end":[13,82]},{"Ident":"foldMapDefaultL"}]}]},"eiImportedAs":null},{"eiModule":["Data","Interval","Duration"],"eiImportType":{"Implicit":[]},"eiImportedAs":["DurationExports"]},{"eiModule":["Data","Maybe"],"eiImportType":{"Explicit":[{"TypeRef":[{"start":[15,20],"name":"C:\\Users\\Shashi\\juspay\\cube-rotation-narayan\\bower_components\\purescript-datetime\\src\\Data\\Interval.purs","end":[15,25]},"Maybe",[]]}]},"eiImportedAs":null},{"eiModule":["Data","Traversable"],"eiImportType":{"Explicit":[{"TypeClassRef":[{"start":[16,26],"name":"C:\\Users\\Shashi\\juspay\\cube-rotation-narayan\\bower_components\\purescript-datetime\\src\\Data\\Interval.purs","end":[16,43]},"Traversable"]},{"ValueRef":[{"start":[16,45],"name":"C:\\Users\\Shashi\\juspay\\cube-rotation-narayan\\bower_components\\purescript-datetime\\src\\Data\\Interval.purs","end":[16,53]},{"Ident":"traverse"}]},{"ValueRef":[{"start":[16,55],"name":"C:\\Users\\Shashi\\juspay\\cube-rotation-narayan\\bower_components\\purescript-datetime\\src\\Data\\Interval.purs","end":[16,70]},{"Ident":"sequenceDefault"}]}]},"eiImportedAs":null}],"efFixities":[],"efTypeFixities":[],"efDeclarations":[{"EDType":{"edTypeName":"Interval","edTypeKind":{"tag":"FunKind","contents":[{"tag":"NamedKind","contents":[["Prim"],"Type"]},{"tag":"FunKind","contents":[{"tag":"NamedKind","contents":[["Prim"],"Type"]},{"tag":"NamedKind","contents":[["Prim"],"Type"]}]}]},"edTypeDeclarationKind":{"DataType":{"args":[["d",{"tag":"NamedKind","contents":[["Prim"],"Type"]}],["a",{"tag":"NamedKind","contents":[["Prim"],"Type"]}]],"ctors":[["StartEnd",[{"tag":"TypeVar","contents":"a"},{"tag":"TypeVar","contents":"a"}]],["DurationEnd",[{"tag":"TypeVar","contents":"d"},{"tag":"TypeVar","contents":"a"}]],["StartDuration",[{"tag":"TypeVar","contents":"a"},{"tag":"TypeVar","contents":"d"}]],["DurationOnly",[{"tag":"TypeVar","contents":"d"}]]]}}}},{"EDDataConstructor":{"edDataCtorName":"StartEnd","edDataCtorOrigin":"data","edDataCtorTypeCtor":"Interval","edDataCtorType":{"tag":"ForAll","contents":["a",{"tag":"ForAll","contents":["d",{"tag":"TypeApp","contents":[{"tag":"TypeApp","contents":[{"tag":"TypeConstructor","contents":[["Prim"],"Function"]},{"tag":"TypeVar","contents":"a"}]},{"tag":"TypeApp","contents":[{"tag":"TypeApp","contents":[{"tag":"TypeConstructor","contents":[["Prim"],"Function"]},{"tag":"TypeVar","contents":"a"}]},{"tag":"TypeApp","contents":[{"tag":"TypeApp","contents":[{"tag":"TypeConstructor","contents":[["Data","Interval"],"Interval"]},{"tag":"TypeVar","contents":"d"}]},{"tag":"TypeVar","contents":"a"}]}]}]},null]},null]},"edDataCtorFields":[{"Ident":"value0"},{"Ident":"value1"}]}},{"EDDataConstructor":{"edDataCtorName":"DurationEnd","edDataCtorOrigin":"data","edDataCtorTypeCtor":"Interval","edDataCtorType":{"tag":"ForAll","contents":["a",{"tag":"ForAll","contents":["d",{"tag":"TypeApp","contents":[{"tag":"TypeApp","contents":[{"tag":"TypeConstructor","contents":[["Prim"],"Function"]},{"tag":"TypeVar","contents":"d"}]},{"tag":"TypeApp","contents":[{"tag":"TypeApp","contents":[{"tag":"TypeConstructor","contents":[["Prim"],"Function"]},{"tag":"TypeVar","contents":"a"}]},{"tag":"TypeApp","contents":[{"tag":"TypeApp","contents":[{"tag":"TypeConstructor","contents":[["Data","Interval"],"Interval"]},{"tag":"TypeVar","contents":"d"}]},{"tag":"TypeVar","contents":"a"}]}]}]},null]},null]},"edDataCtorFields":[{"Ident":"value0"},{"Ident":"value1"}]}},{"EDDataConstructor":{"edDataCtorName":"StartDuration","edDataCtorOrigin":"data","edDataCtorTypeCtor":"Interval","edDataCtorType":{"tag":"ForAll","contents":["a",{"tag":"ForAll","contents":["d",{"tag":"TypeApp","contents":[{"tag":"TypeApp","contents":[{"tag":"TypeConstructor","contents":[["Prim"],"Function"]},{"tag":"TypeVar","contents":"a"}]},{"tag":"TypeApp","contents":[{"tag":"TypeApp","contents":[{"tag":"TypeConstructor","contents":[["Prim"],"Function"]},{"tag":"TypeVar","contents":"d"}]},{"tag":"TypeApp","contents":[{"tag":"TypeApp","contents":[{"tag":"TypeConstructor","contents":[["Data","Interval"],"Interval"]},{"tag":"TypeVar","contents":"d"}]},{"tag":"TypeVar","contents":"a"}]}]}]},null]},null]},"edDataCtorFields":[{"Ident":"value0"},{"Ident":"value1"}]}},{"EDDataConstructor":{"edDataCtorName":"DurationOnly","edDataCtorOrigin":"data","edDataCtorTypeCtor":"Interval","edDataCtorType":{"tag":"ForAll","contents":["a",{"tag":"ForAll","contents":["d",{"tag":"TypeApp","contents":[{"tag":"TypeApp","contents":[{"tag":"TypeConstructor","contents":[["Prim"],"Function"]},{"tag":"TypeVar","contents":"d"}]},{"tag":"TypeApp","contents":[{"tag":"TypeApp","contents":[{"tag":"TypeConstructor","contents":[["Data","Interval"],"Interval"]},{"tag":"TypeVar","contents":"d"}]},{"tag":"TypeVar","contents":"a"}]}]},null]},null]},"edDataCtorFields":[{"Ident":"value0"}]}},{"EDType":{"edTypeName":"RecurringInterval","edTypeKind":{"tag":"FunKind","contents":[{"tag":"NamedKind","contents":[["Prim"],"Type"]},{"tag":"FunKind","contents":[{"tag":"NamedKind","contents":[["Prim"],"Type"]},{"tag":"NamedKind","contents":[["Prim"],"Type"]}]}]},"edTypeDeclarationKind":{"DataType":{"args":[["d",{"tag":"NamedKind","contents":[["Prim"],"Type"]}],["a",{"tag":"NamedKind","contents":[["Prim"],"Type"]}]],"ctors":[["RecurringInterval",[{"tag":"TypeApp","contents":[{"tag":"TypeConstructor","contents":[["Data","Maybe"],"Maybe"]},{"tag":"TypeConstructor","contents":[["Prim"],"Int"]}]},{"tag":"TypeApp","contents":[{"tag":"TypeApp","contents":[{"tag":"TypeConstructor","contents":[["Data","Interval"],"Interval"]},{"tag":"TypeVar","contents":"d"}]},{"tag":"TypeVar","contents":"a"}]}]]]}}}},{"EDDataConstructor":{"edDataCtorName":"RecurringInterval","edDataCtorOrigin":"data","edDataCtorTypeCtor":"RecurringInterval","edDataCtorType":{"tag":"ForAll","contents":["a",{"tag":"ForAll","contents":["d",{"tag":"TypeApp","contents":[{"tag":"TypeApp","contents":[{"tag":"TypeConstructor","contents":[["Prim"],"Function"]},{"tag":"TypeApp","contents":[{"tag":"TypeConstructor","contents":[["Data","Maybe"],"Maybe"]},{"tag":"TypeConstructor","contents":[["Prim"],"Int"]}]}]},{"tag":"TypeApp","contents":[{"tag":"TypeApp","contents":[{"tag":"TypeConstructor","contents":[["Prim"],"Function"]},{"tag":"TypeApp","contents":[{"tag":"TypeApp","contents":[{"tag":"TypeConstructor","contents":[["Data","Interval"],"Interval"]},{"tag":"TypeVar","contents":"d"}]},{"tag":"TypeVar","contents":"a"}]}]},{"tag":"TypeApp","contents":[{"tag":"TypeApp","contents":[{"tag":"TypeConstructor","contents":[["Data","Interval"],"RecurringInterval"]},{"tag":"TypeVar","contents":"d"}]},{"tag":"TypeVar","contents":"a"}]}]}]},null]},null]},"edDataCtorFields":[{"Ident":"value0"},{"Ident":"value1"}]}},{"EDInstance":{"edInstanceClassName":[["Data","Eq"],"Eq"],"edInstanceName":{"Ident":"eqRecurringInterval"},"edInstanceTypes":[{"tag":"TypeApp","contents":[{"tag":"TypeApp","contents":[{"tag":"TypeConstructor","contents":[["Data","Interval"],"RecurringInterval"]},{"tag":"TypeVar","contents":"d"}]},{"tag":"TypeVar","contents":"a"}]}],"edInstanceConstraints":[{"constraintClass":[["Data","Eq"],"Eq"],"constraintArgs":[{"tag":"TypeVar","contents":"d"}],"constraintData":null},{"constraintClass":[["Data","Eq"],"Eq"],"constraintArgs":[{"tag":"TypeVar","contents":"a"}],"constraintData":null}]}},{"EDInstance":{"edInstanceClassName":[["Data","Ord"],"Ord"],"edInstanceName":{"Ident":"ordRecurringInterval"},"edInstanceTypes":[{"tag":"TypeApp","contents":[{"tag":"TypeApp","contents":[{"tag":"TypeConstructor","contents":[["Data","Interval"],"RecurringInterval"]},{"tag":"TypeVar","contents":"d"}]},{"tag":"TypeVar","contents":"a"}]}],"edInstanceConstraints":[{"constraintClass":[["Data","Ord"],"Ord"],"constraintArgs":[{"tag":"TypeVar","contents":"d"}],"constraintData":null},{"constraintClass":[["Data","Ord"],"Ord"],"constraintArgs":[{"tag":"TypeVar","contents":"a"}],"constraintData":null}]}},{"EDInstance":{"edInstanceClassName":[["Data","Show"],"Show"],"edInstanceName":{"Ident":"showRecurringInterval"},"edInstanceTypes":[{"tag":"TypeApp","contents":[{"tag":"TypeApp","contents":[{"tag":"TypeConstructor","contents":[["Data","Interval"],"RecurringInterval"]},{"tag":"TypeVar","contents":"d"}]},{"tag":"TypeVar","contents":"a"}]}],"edInstanceConstraints":[{"constraintClass":[["Data","Show"],"Show"],"constraintArgs":[{"tag":"TypeVar","contents":"d"}],"constraintData":null},{"constraintClass":[["Data","Show"],"Show"],"constraintArgs":[{"tag":"TypeVar","contents":"a"}],"constraintData":null}]}},{"EDInstance":{"edInstanceClassName":[["Data","Functor"],"Functor"],"edInstanceName":{"Ident":"functorRecurringInterval"},"edInstanceTypes":[{"tag":"TypeApp","contents":[{"tag":"TypeConstructor","contents":[["Data","Interval"],"RecurringInterval"]},{"tag":"TypeVar","contents":"d"}]}],"edInstanceConstraints":[]}},{"EDInstance":{"edInstanceClassName":[["Data","Bifunctor"],"Bifunctor"],"edInstanceName":{"Ident":"bifunctorRecurringInterval"},"edInstanceTypes":[{"tag":"TypeConstructor","contents":[["Data","Interval"],"RecurringInterval"]}],"edInstanceConstraints":[]}},{"EDInstance":{"edInstanceClassName":[["Data","Foldable"],"Foldable"],"edInstanceName":{"Ident":"foldableRecurringInterval"},"edInstanceTypes":[{"tag":"TypeApp","contents":[{"tag":"TypeConstructor","contents":[["Data","Interval"],"RecurringInterval"]},{"tag":"TypeVar","contents":"d"}]}],"edInstanceConstraints":[]}},{"EDInstance":{"edInstanceClassName":[["Data","Bifoldable"],"Bifoldable"],"edInstanceName":{"Ident":"bifoldableRecurringInterval"},"edInstanceTypes":[{"tag":"TypeConstructor","contents":[["Data","Interval"],"RecurringInterval"]}],"edInstanceConstraints":[]}},{"EDInstance":{"edInstanceClassName":[["Data","Traversable"],"Traversable"],"edInstanceName":{"Ident":"traversableRecurringInterval"},"edInstanceTypes":[{"tag":"TypeApp","contents":[{"tag":"TypeConstructor","contents":[["Data","Interval"],"RecurringInterval"]},{"tag":"TypeVar","contents":"d"}]}],"edInstanceConstraints":[]}},{"EDInstance":{"edInstanceClassName":[["Data","Bitraversable"],"Bitraversable"],"edInstanceName":{"Ident":"bitraversableRecurringInterval"},"edInstanceTypes":[{"tag":"TypeConstructor","contents":[["Data","Interval"],"RecurringInterval"]}],"edInstanceConstraints":[]}},{"EDInstance":{"edInstanceClassName":[["Control","Extend"],"Extend"],"edInstanceName":{"Ident":"extendRecurringInterval"},"edInstanceTypes":[{"tag":"TypeApp","contents":[{"tag":"TypeConstructor","contents":[["Data","Interval"],"RecurringInterval"]},{"tag":"TypeVar","contents":"d"}]}],"edInstanceConstraints":[]}},{"EDInstance":{"edInstanceClassName":[["Data","Eq"],"Eq"],"edInstanceName":{"Ident":"eqInterval"},"edInstanceTypes":[{"tag":"TypeApp","contents":[{"tag":"TypeApp","contents":[{"tag":"TypeConstructor","contents":[["Data","Interval"],"Interval"]},{"tag":"TypeVar","contents":"d"}]},{"tag":"TypeVar","contents":"a"}]}],"edInstanceConstraints":[{"constraintClass":[["Data","Eq"],"Eq"],"constraintArgs":[{"tag":"TypeVar","contents":"d"}],"constraintData":null},{"constraintClass":[["Data","Eq"],"Eq"],"constraintArgs":[{"tag":"TypeVar","contents":"a"}],"constraintData":null}]}},{"EDInstance":{"edInstanceClassName":[["Data","Ord"],"Ord"],"edInstanceName":{"Ident":"ordInterval"},"edInstanceTypes":[{"tag":"TypeApp","contents":[{"tag":"TypeApp","contents":[{"tag":"TypeConstructor","contents":[["Data","Interval"],"Interval"]},{"tag":"TypeVar","contents":"d"}]},{"tag":"TypeVar","contents":"a"}]}],"edInstanceConstraints":[{"constraintClass":[["Data","Ord"],"Ord"],"constraintArgs":[{"tag":"TypeVar","contents":"d"}],"constraintData":null},{"constraintClass":[["Data","Ord"],"Ord"],"constraintArgs":[{"tag":"TypeVar","contents":"a"}],"constraintData":null}]}},{"EDInstance":{"edInstanceClassName":[["Data","Show"],"Show"],"edInstanceName":{"Ident":"showInterval"},"edInstanceTypes":[{"tag":"TypeApp","contents":[{"tag":"TypeApp","contents":[{"tag":"TypeConstructor","contents":[["Data","Interval"],"Interval"]},{"tag":"TypeVar","contents":"d"}]},{"tag":"TypeVar","contents":"a"}]}],"edInstanceConstraints":[{"constraintClass":[["Data","Show"],"Show"],"constraintArgs":[{"tag":"TypeVar","contents":"d"}],"constraintData":null},{"constraintClass":[["Data","Show"],"Show"],"constraintArgs":[{"tag":"TypeVar","contents":"a"}],"constraintData":null}]}},{"EDInstance":{"edInstanceClassName":[["Data","Functor"],"Functor"],"edInstanceName":{"Ident":"functorInterval"},"edInstanceTypes":[{"tag":"TypeApp","contents":[{"tag":"TypeConstructor","contents":[["Data","Interval"],"Interval"]},{"tag":"TypeVar","contents":"d"}]}],"edInstanceConstraints":[]}},{"EDInstance":{"edInstanceClassName":[["Data","Bifunctor"],"Bifunctor"],"edInstanceName":{"Ident":"bifunctorInterval"},"edInstanceTypes":[{"tag":"TypeConstructor","contents":[["Data","Interval"],"Interval"]}],"edInstanceConstraints":[]}},{"EDInstance":{"edInstanceClassName":[["Data","Foldable"],"Foldable"],"edInstanceName":{"Ident":"foldableInterval"},"edInstanceTypes":[{"tag":"TypeApp","contents":[{"tag":"TypeConstructor","contents":[["Data","Interval"],"Interval"]},{"tag":"TypeVar","contents":"d"}]}],"edInstanceConstraints":[]}},{"EDInstance":{"edInstanceClassName":[["Data","Bifoldable"],"Bifoldable"],"edInstanceName":{"Ident":"bifoldableInterval"},"edInstanceTypes":[{"tag":"TypeConstructor","contents":[["Data","Interval"],"Interval"]}],"edInstanceConstraints":[]}},{"EDInstance":{"edInstanceClassName":[["Data","Traversable"],"Traversable"],"edInstanceName":{"Ident":"traversableInterval"},"edInstanceTypes":[{"tag":"TypeApp","contents":[{"tag":"TypeConstructor","contents":[["Data","Interval"],"Interval"]},{"tag":"TypeVar","contents":"d"}]}],"edInstanceConstraints":[]}},{"EDInstance":{"edInstanceClassName":[["Data","Bitraversable"],"Bitraversable"],"edInstanceName":{"Ident":"bitraversableInterval"},"edInstanceTypes":[{"tag":"TypeConstructor","contents":[["Data","Interval"],"Interval"]}],"edInstanceConstraints":[]}},{"EDInstance":{"edInstanceClassName":[["Control","Extend"],"Extend"],"edInstanceName":{"Ident":"extendInterval"},"edInstanceTypes":[{"tag":"TypeApp","contents":[{"tag":"TypeConstructor","contents":[["Data","Interval"],"Interval"]},{"tag":"TypeVar","contents":"d"}]}],"edInstanceConstraints":[]}}],"efSourceSpan":{"start":[1,1],"name":"C:\\Users\\Shashi\\juspay\\cube-rotation-narayan\\bower_components\\purescript-datetime\\src\\Data\\Interval.purs","end":[115,44]}}