{"efVersion":"0.11.7","efModuleName":["Control","Monad"],"efExports":[{"ReExportRef":[{"start":[1,1],"name":"C:\\Users\\Shashi\\juspay\\cube-rotation-narayan\\bower_components\\purescript-prelude\\src\\Control\\Monad.purs","end":[81,12]},["Control","Applicative"],{"TypeClassRef":[{"start":[1,1],"name":"C:\\Users\\Shashi\\juspay\\cube-rotation-narayan\\bower_components\\purescript-prelude\\src\\Control\\Monad.purs","end":[81,12]},"Applicative"]}]},{"ReExportRef":[{"start":[1,1],"name":"C:\\Users\\Shashi\\juspay\\cube-rotation-narayan\\bower_components\\purescript-prelude\\src\\Control\\Monad.purs","end":[81,12]},["Control","Apply"],{"TypeClassRef":[{"start":[1,1],"name":"C:\\Users\\Shashi\\juspay\\cube-rotation-narayan\\bower_components\\purescript-prelude\\src\\Control\\Monad.purs","end":[81,12]},"Apply"]}]},{"ReExportRef":[{"start":[1,1],"name":"C:\\Users\\Shashi\\juspay\\cube-rotation-narayan\\bower_components\\purescript-prelude\\src\\Control\\Monad.purs","end":[81,12]},["Control","Bind"],{"TypeClassRef":[{"start":[1,1],"name":"C:\\Users\\Shashi\\juspay\\cube-rotation-narayan\\bower_components\\purescript-prelude\\src\\Control\\Monad.purs","end":[81,12]},"Bind"]}]},{"ReExportRef":[{"start":[1,1],"name":"C:\\Users\\Shashi\\juspay\\cube-rotation-narayan\\bower_components\\purescript-prelude\\src\\Control\\Monad.purs","end":[81,12]},["Data","Functor"],{"TypeClassRef":[{"start":[1,1],"name":"C:\\Users\\Shashi\\juspay\\cube-rotation-narayan\\bower_components\\purescript-prelude\\src\\Control\\Monad.purs","end":[81,12]},"Functor"]}]},{"ReExportRef":[{"start":[1,1],"name":"C:\\Users\\Shashi\\juspay\\cube-rotation-narayan\\bower_components\\purescript-prelude\\src\\Control\\Monad.purs","end":[81,12]},["Control","Apply"],{"ValueRef":[{"start":[1,1],"name":"C:\\Users\\Shashi\\juspay\\cube-rotation-narayan\\bower_components\\purescript-prelude\\src\\Control\\Monad.purs","end":[81,12]},{"Ident":"apply"}]}]},{"ReExportRef":[{"start":[1,1],"name":"C:\\Users\\Shashi\\juspay\\cube-rotation-narayan\\bower_components\\purescript-prelude\\src\\Control\\Monad.purs","end":[81,12]},["Control","Bind"],{"ValueRef":[{"start":[1,1],"name":"C:\\Users\\Shashi\\juspay\\cube-rotation-narayan\\bower_components\\purescript-prelude\\src\\Control\\Monad.purs","end":[81,12]},{"Ident":"bind"}]}]},{"ReExportRef":[{"start":[1,1],"name":"C:\\Users\\Shashi\\juspay\\cube-rotation-narayan\\bower_components\\purescript-prelude\\src\\Control\\Monad.purs","end":[81,12]},["Control","Bind"],{"ValueRef":[{"start":[1,1],"name":"C:\\Users\\Shashi\\juspay\\cube-rotation-narayan\\bower_components\\purescript-prelude\\src\\Control\\Monad.purs","end":[81,12]},{"Ident":"ifM"}]}]},{"ReExportRef":[{"start":[1,1],"name":"C:\\Users\\Shashi\\juspay\\cube-rotation-narayan\\bower_components\\purescript-prelude\\src\\Control\\Monad.purs","end":[81,12]},["Control","Bind"],{"ValueRef":[{"start":[1,1],"name":"C:\\Users\\Shashi\\juspay\\cube-rotation-narayan\\bower_components\\purescript-prelude\\src\\Control\\Monad.purs","end":[81,12]},{"Ident":"join"}]}]},{"ReExportRef":[{"start":[1,1],"name":"C:\\Users\\Shashi\\juspay\\cube-rotation-narayan\\bower_components\\purescript-prelude\\src\\Control\\Monad.purs","end":[81,12]},["Control","Applicative"],{"ValueRef":[{"start":[1,1],"name":"C:\\Users\\Shashi\\juspay\\cube-rotation-narayan\\bower_components\\purescript-prelude\\src\\Control\\Monad.purs","end":[81,12]},{"Ident":"liftA1"}]}]},{"ReExportRef":[{"start":[1,1],"name":"C:\\Users\\Shashi\\juspay\\cube-rotation-narayan\\bower_components\\purescript-prelude\\src\\Control\\Monad.purs","end":[81,12]},["Data","Functor"],{"ValueRef":[{"start":[1,1],"name":"C:\\Users\\Shashi\\juspay\\cube-rotation-narayan\\bower_components\\purescript-prelude\\src\\Control\\Monad.purs","end":[81,12]},{"Ident":"map"}]}]},{"ReExportRef":[{"start":[1,1],"name":"C:\\Users\\Shashi\\juspay\\cube-rotation-narayan\\bower_components\\purescript-prelude\\src\\Control\\Monad.purs","end":[81,12]},["Control","Applicative"],{"ValueRef":[{"start":[1,1],"name":"C:\\Users\\Shashi\\juspay\\cube-rotation-narayan\\bower_components\\purescript-prelude\\src\\Control\\Monad.purs","end":[81,12]},{"Ident":"pure"}]}]},{"ReExportRef":[{"start":[1,1],"name":"C:\\Users\\Shashi\\juspay\\cube-rotation-narayan\\bower_components\\purescript-prelude\\src\\Control\\Monad.purs","end":[81,12]},["Control","Applicative"],{"ValueRef":[{"start":[1,1],"name":"C:\\Users\\Shashi\\juspay\\cube-rotation-narayan\\bower_components\\purescript-prelude\\src\\Control\\Monad.purs","end":[81,12]},{"Ident":"unless"}]}]},{"ReExportRef":[{"start":[1,1],"name":"C:\\Users\\Shashi\\juspay\\cube-rotation-narayan\\bower_components\\purescript-prelude\\src\\Control\\Monad.purs","end":[81,12]},["Data","Functor"],{"ValueRef":[{"start":[1,1],"name":"C:\\Users\\Shashi\\juspay\\cube-rotation-narayan\\bower_components\\purescript-prelude\\src\\Control\\Monad.purs","end":[81,12]},{"Ident":"void"}]}]},{"ReExportRef":[{"start":[1,1],"name":"C:\\Users\\Shashi\\juspay\\cube-rotation-narayan\\bower_components\\purescript-prelude\\src\\Control\\Monad.purs","end":[81,12]},["Control","Applicative"],{"ValueRef":[{"start":[1,1],"name":"C:\\Users\\Shashi\\juspay\\cube-rotation-narayan\\bower_components\\purescript-prelude\\src\\Control\\Monad.purs","end":[81,12]},{"Ident":"when"}]}]},{"ReExportRef":[{"start":[1,1],"name":"C:\\Users\\Shashi\\juspay\\cube-rotation-narayan\\bower_components\\purescript-prelude\\src\\Control\\Monad.purs","end":[81,12]},["Data","Functor"],{"ValueOpRef":[{"start":[1,1],"name":"C:\\Users\\Shashi\\juspay\\cube-rotation-narayan\\bower_components\\purescript-prelude\\src\\Control\\Monad.purs","end":[81,12]},"$>"]}]},{"ReExportRef":[{"start":[1,1],"name":"C:\\Users\\Shashi\\juspay\\cube-rotation-narayan\\bower_components\\purescript-prelude\\src\\Control\\Monad.purs","end":[81,12]},["Control","Apply"],{"ValueOpRef":[{"start":[1,1],"name":"C:\\Users\\Shashi\\juspay\\cube-rotation-narayan\\bower_components\\purescript-prelude\\src\\Control\\Monad.purs","end":[81,12]},"*>"]}]},{"ReExportRef":[{"start":[1,1],"name":"C:\\Users\\Shashi\\juspay\\cube-rotation-narayan\\bower_components\\purescript-prelude\\src\\Control\\Monad.purs","end":[81,12]},["Data","Functor"],{"ValueOpRef":[{"start":[1,1],"name":"C:\\Users\\Shashi\\juspay\\cube-rotation-narayan\\bower_components\\purescript-prelude\\src\\Control\\Monad.purs","end":[81,12]},"<#>"]}]},{"ReExportRef":[{"start":[1,1],"name":"C:\\Users\\Shashi\\juspay\\cube-rotation-narayan\\bower_components\\purescript-prelude\\src\\Control\\Monad.purs","end":[81,12]},["Data","Functor"],{"ValueOpRef":[{"start":[1,1],"name":"C:\\Users\\Shashi\\juspay\\cube-rotation-narayan\\bower_components\\purescript-prelude\\src\\Control\\Monad.purs","end":[81,12]},"<$"]}]},{"ReExportRef":[{"start":[1,1],"name":"C:\\Users\\Shashi\\juspay\\cube-rotation-narayan\\bower_components\\purescript-prelude\\src\\Control\\Monad.purs","end":[81,12]},["Data","Functor"],{"ValueOpRef":[{"start":[1,1],"name":"C:\\Users\\Shashi\\juspay\\cube-rotation-narayan\\bower_components\\purescript-prelude\\src\\Control\\Monad.purs","end":[81,12]},"<$>"]}]},{"ReExportRef":[{"start":[1,1],"name":"C:\\Users\\Shashi\\juspay\\cube-rotation-narayan\\bower_components\\purescript-prelude\\src\\Control\\Monad.purs","end":[81,12]},["Control","Apply"],{"ValueOpRef":[{"start":[1,1],"name":"C:\\Users\\Shashi\\juspay\\cube-rotation-narayan\\bower_components\\purescript-prelude\\src\\Control\\Monad.purs","end":[81,12]},"<*"]}]},{"ReExportRef":[{"start":[1,1],"name":"C:\\Users\\Shashi\\juspay\\cube-rotation-narayan\\bower_components\\purescript-prelude\\src\\Control\\Monad.purs","end":[81,12]},["Control","Apply"],{"ValueOpRef":[{"start":[1,1],"name":"C:\\Users\\Shashi\\juspay\\cube-rotation-narayan\\bower_components\\purescript-prelude\\src\\Control\\Monad.purs","end":[81,12]},"<*>"]}]},{"ReExportRef":[{"start":[1,1],"name":"C:\\Users\\Shashi\\juspay\\cube-rotation-narayan\\bower_components\\purescript-prelude\\src\\Control\\Monad.purs","end":[81,12]},["Control","Bind"],{"ValueOpRef":[{"start":[1,1],"name":"C:\\Users\\Shashi\\juspay\\cube-rotation-narayan\\bower_components\\purescript-prelude\\src\\Control\\Monad.purs","end":[81,12]},"<=<"]}]},{"ReExportRef":[{"start":[1,1],"name":"C:\\Users\\Shashi\\juspay\\cube-rotation-narayan\\bower_components\\purescript-prelude\\src\\Control\\Monad.purs","end":[81,12]},["Control","Bind"],{"ValueOpRef":[{"start":[1,1],"name":"C:\\Users\\Shashi\\juspay\\cube-rotation-narayan\\bower_components\\purescript-prelude\\src\\Control\\Monad.purs","end":[81,12]},"=<<"]}]},{"ReExportRef":[{"start":[1,1],"name":"C:\\Users\\Shashi\\juspay\\cube-rotation-narayan\\bower_components\\purescript-prelude\\src\\Control\\Monad.purs","end":[81,12]},["Control","Bind"],{"ValueOpRef":[{"start":[1,1],"name":"C:\\Users\\Shashi\\juspay\\cube-rotation-narayan\\bower_components\\purescript-prelude\\src\\Control\\Monad.purs","end":[81,12]},">=>"]}]},{"ReExportRef":[{"start":[1,1],"name":"C:\\Users\\Shashi\\juspay\\cube-rotation-narayan\\bower_components\\purescript-prelude\\src\\Control\\Monad.purs","end":[81,12]},["Control","Bind"],{"ValueOpRef":[{"start":[1,1],"name":"C:\\Users\\Shashi\\juspay\\cube-rotation-narayan\\bower_components\\purescript-prelude\\src\\Control\\Monad.purs","end":[81,12]},">>="]}]},{"TypeClassRef":[{"start":[1,1],"name":"C:\\Users\\Shashi\\juspay\\cube-rotation-narayan\\bower_components\\purescript-prelude\\src\\Control\\Monad.purs","end":[81,12]},"Monad"]},{"ValueRef":[{"start":[1,1],"name":"C:\\Users\\Shashi\\juspay\\cube-rotation-narayan\\bower_components\\purescript-prelude\\src\\Control\\Monad.purs","end":[81,12]},{"Ident":"liftM1"}]},{"ValueRef":[{"start":[1,1],"name":"C:\\Users\\Shashi\\juspay\\cube-rotation-narayan\\bower_components\\purescript-prelude\\src\\Control\\Monad.purs","end":[81,12]},{"Ident":"ap"}]},{"ValueRef":[{"start":[1,1],"name":"C:\\Users\\Shashi\\juspay\\cube-rotation-narayan\\bower_components\\purescript-prelude\\src\\Control\\Monad.purs","end":[81,12]},{"Ident":"whenM"}]},{"ValueRef":[{"start":[1,1],"name":"C:\\Users\\Shashi\\juspay\\cube-rotation-narayan\\bower_components\\purescript-prelude\\src\\Control\\Monad.purs","end":[81,12]},{"Ident":"unlessM"}]},{"ModuleRef":[{"start":[7,5],"name":"C:\\Users\\Shashi\\juspay\\cube-rotation-narayan\\bower_components\\purescript-prelude\\src\\Control\\Monad.purs","end":[7,24]},["Data","Functor"]]},{"ModuleRef":[{"start":[8,5],"name":"C:\\Users\\Shashi\\juspay\\cube-rotation-narayan\\bower_components\\purescript-prelude\\src\\Control\\Monad.purs","end":[8,25]},["Control","Apply"]]},{"ModuleRef":[{"start":[9,5],"name":"C:\\Users\\Shashi\\juspay\\cube-rotation-narayan\\bower_components\\purescript-prelude\\src\\Control\\Monad.purs","end":[9,31]},["Control","Applicative"]]},{"ModuleRef":[{"start":[10,5],"name":"C:\\Users\\Shashi\\juspay\\cube-rotation-narayan\\bower_components\\purescript-prelude\\src\\Control\\Monad.purs","end":[10,24]},["Control","Bind"]]},{"TypeInstanceRef":[{"start":[0,0],"name":"<generated>","end":[0,0]},{"Ident":"monadFn"}]},{"TypeInstanceRef":[{"start":[0,0],"name":"<generated>","end":[0,0]},{"Ident":"monadArray"}]}],"efImports":[{"eiModule":["Prim"],"eiImportType":{"Implicit":[]},"eiImportedAs":["Prim"]},{"eiModule":["Prim"],"eiImportType":{"Implicit":[]},"eiImportedAs":null},{"eiModule":["Control","Applicative"],"eiImportType":{"Explicit":[{"TypeClassRef":[{"start":[13,29],"name":"C:\\Users\\Shashi\\juspay\\cube-rotation-narayan\\bower_components\\purescript-prelude\\src\\Control\\Monad.purs","end":[13,46]},"Applicative"]},{"ValueRef":[{"start":[13,48],"name":"C:\\Users\\Shashi\\juspay\\cube-rotation-narayan\\bower_components\\purescript-prelude\\src\\Control\\Monad.purs","end":[13,54]},{"Ident":"liftA1"}]},{"ValueRef":[{"start":[13,56],"name":"C:\\Users\\Shashi\\juspay\\cube-rotation-narayan\\bower_components\\purescript-prelude\\src\\Control\\Monad.purs","end":[13,60]},{"Ident":"pure"}]},{"ValueRef":[{"start":[13,62],"name":"C:\\Users\\Shashi\\juspay\\cube-rotation-narayan\\bower_components\\purescript-prelude\\src\\Control\\Monad.purs","end":[13,68]},{"Ident":"unless"}]},{"ValueRef":[{"start":[13,70],"name":"C:\\Users\\Shashi\\juspay\\cube-rotation-narayan\\bower_components\\purescript-prelude\\src\\Control\\Monad.purs","end":[13,74]},{"Ident":"when"}]}]},"eiImportedAs":null},{"eiModule":["Control","Apply"],"eiImportType":{"Explicit":[{"TypeClassRef":[{"start":[14,23],"name":"C:\\Users\\Shashi\\juspay\\cube-rotation-narayan\\bower_components\\purescript-prelude\\src\\Control\\Monad.purs","end":[14,34]},"Apply"]},{"ValueRef":[{"start":[14,36],"name":"C:\\Users\\Shashi\\juspay\\cube-rotation-narayan\\bower_components\\purescript-prelude\\src\\Control\\Monad.purs","end":[14,41]},{"Ident":"apply"}]},{"ValueOpRef":[{"start":[14,43],"name":"C:\\Users\\Shashi\\juspay\\cube-rotation-narayan\\bower_components\\purescript-prelude\\src\\Control\\Monad.purs","end":[14,47]},"*>"]},{"ValueOpRef":[{"start":[14,49],"name":"C:\\Users\\Shashi\\juspay\\cube-rotation-narayan\\bower_components\\purescript-prelude\\src\\Control\\Monad.purs","end":[14,53]},"<*"]},{"ValueOpRef":[{"start":[14,55],"name":"C:\\Users\\Shashi\\juspay\\cube-rotation-narayan\\bower_components\\purescript-prelude\\src\\Control\\Monad.purs","end":[14,60]},"<*>"]}]},"eiImportedAs":null},{"eiModule":["Control","Bind"],"eiImportType":{"Explicit":[{"TypeClassRef":[{"start":[15,22],"name":"C:\\Users\\Shashi\\juspay\\cube-rotation-narayan\\bower_components\\purescript-prelude\\src\\Control\\Monad.purs","end":[15,32]},"Bind"]},{"ValueRef":[{"start":[15,34],"name":"C:\\Users\\Shashi\\juspay\\cube-rotation-narayan\\bower_components\\purescript-prelude\\src\\Control\\Monad.purs","end":[15,38]},{"Ident":"bind"}]},{"ValueRef":[{"start":[15,40],"name":"C:\\Users\\Shashi\\juspay\\cube-rotation-narayan\\bower_components\\purescript-prelude\\src\\Control\\Monad.purs","end":[15,43]},{"Ident":"ifM"}]},{"ValueRef":[{"start":[15,45],"name":"C:\\Users\\Shashi\\juspay\\cube-rotation-narayan\\bower_components\\purescript-prelude\\src\\Control\\Monad.purs","end":[15,49]},{"Ident":"join"}]},{"ValueOpRef":[{"start":[15,51],"name":"C:\\Users\\Shashi\\juspay\\cube-rotation-narayan\\bower_components\\purescript-prelude\\src\\Control\\Monad.purs","end":[15,56]},"<=<"]},{"ValueOpRef":[{"start":[15,58],"name":"C:\\Users\\Shashi\\juspay\\cube-rotation-narayan\\bower_components\\purescript-prelude\\src\\Control\\Monad.purs","end":[15,63]},"=<<"]},{"ValueOpRef":[{"start":[15,65],"name":"C:\\Users\\Shashi\\juspay\\cube-rotation-narayan\\bower_components\\purescript-prelude\\src\\Control\\Monad.purs","end":[15,70]},">=>"]},{"ValueOpRef":[{"start":[15,72],"name":"C:\\Users\\Shashi\\juspay\\cube-rotation-narayan\\bower_components\\purescript-prelude\\src\\Control\\Monad.purs","end":[15,77]},">>="]}]},"eiImportedAs":null},{"eiModule":["Data","Functor"],"eiImportType":{"Explicit":[{"TypeClassRef":[{"start":[17,22],"name":"C:\\Users\\Shashi\\juspay\\cube-rotation-narayan\\bower_components\\purescript-prelude\\src\\Control\\Monad.purs","end":[17,35]},"Functor"]},{"ValueRef":[{"start":[17,37],"name":"C:\\Users\\Shashi\\juspay\\cube-rotation-narayan\\bower_components\\purescript-prelude\\src\\Control\\Monad.purs","end":[17,40]},{"Ident":"map"}]},{"ValueRef":[{"start":[17,42],"name":"C:\\Users\\Shashi\\juspay\\cube-rotation-narayan\\bower_components\\purescript-prelude\\src\\Control\\Monad.purs","end":[17,46]},{"Ident":"void"}]},{"ValueOpRef":[{"start":[17,48],"name":"C:\\Users\\Shashi\\juspay\\cube-rotation-narayan\\bower_components\\purescript-prelude\\src\\Control\\Monad.purs","end":[17,52]},"$>"]},{"ValueOpRef":[{"start":[17,54],"name":"C:\\Users\\Shashi\\juspay\\cube-rotation-narayan\\bower_components\\purescript-prelude\\src\\Control\\Monad.purs","end":[17,59]},"<#>"]},{"ValueOpRef":[{"start":[17,61],"name":"C:\\Users\\Shashi\\juspay\\cube-rotation-narayan\\bower_components\\purescript-prelude\\src\\Control\\Monad.purs","end":[17,65]},"<$"]},{"ValueOpRef":[{"start":[17,67],"name":"C:\\Users\\Shashi\\juspay\\cube-rotation-narayan\\bower_components\\purescript-prelude\\src\\Control\\Monad.purs","end":[17,72]},"<$>"]}]},"eiImportedAs":null},{"eiModule":["Data","Unit"],"eiImportType":{"Explicit":[{"TypeRef":[{"start":[18,19],"name":"C:\\Users\\Shashi\\juspay\\cube-rotation-narayan\\bower_components\\purescript-prelude\\src\\Control\\Monad.purs","end":[18,23]},"Unit",[]]}]},"eiImportedAs":null}],"efFixities":[],"efTypeFixities":[],"efDeclarations":[{"EDType":{"edTypeName":"Monad","edTypeKind":{"tag":"FunKind","contents":[{"tag":"FunKind","contents":[{"tag":"NamedKind","contents":[["Prim"],"Type"]},{"tag":"NamedKind","contents":[["Prim"],"Type"]}]},{"tag":"NamedKind","contents":[["Prim"],"Type"]}]},"edTypeDeclarationKind":"TypeSynonym"}},{"EDTypeSynonym":{"edTypeSynonymName":"Monad","edTypeSynonymArguments":[["m",null]],"edTypeSynonymType":{"tag":"TypeApp","contents":[{"tag":"TypeConstructor","contents":[["Prim"],"Record"]},{"tag":"RCons","contents":["Applicative0",{"tag":"TypeApp","contents":[{"tag":"TypeApp","contents":[{"tag":"TypeConstructor","contents":[["Prim"],"Function"]},{"tag":"TypeApp","contents":[{"tag":"TypeConstructor","contents":[["Prim"],"Record"]},{"tag":"REmpty"}]}]},{"tag":"TypeApp","contents":[{"tag":"TypeConstructor","contents":[["Control","Applicative"],"Applicative"]},{"tag":"TypeVar","contents":"m"}]}]},{"tag":"RCons","contents":["Bind1",{"tag":"TypeApp","contents":[{"tag":"TypeApp","contents":[{"tag":"TypeConstructor","contents":[["Prim"],"Function"]},{"tag":"TypeApp","contents":[{"tag":"TypeConstructor","contents":[["Prim"],"Record"]},{"tag":"REmpty"}]}]},{"tag":"TypeApp","contents":[{"tag":"TypeConstructor","contents":[["Control","Bind"],"Bind"]},{"tag":"TypeVar","contents":"m"}]}]},{"tag":"REmpty"}]}]}]}}},{"EDClass":{"edClassName":"Monad","edClassTypeArguments":[["m",null]],"edClassMembers":[],"edClassConstraints":[{"constraintClass":[["Control","Applicative"],"Applicative"],"constraintArgs":[{"tag":"TypeVar","contents":"m"}],"constraintData":null},{"constraintClass":[["Control","Bind"],"Bind"],"constraintArgs":[{"tag":"TypeVar","contents":"m"}],"constraintData":null}],"edFunctionalDependencies":[]}},{"EDValue":{"edValueName":{"Ident":"liftM1"},"edValueType":{"tag":"ForAll","contents":["b",{"tag":"ForAll","contents":["a",{"tag":"ForAll","contents":["m",{"tag":"ConstrainedType","contents":[{"constraintClass":[["Control","Monad"],"Monad"],"constraintArgs":[{"tag":"TypeVar","contents":"m"}],"constraintData":null},{"tag":"TypeApp","contents":[{"tag":"TypeApp","contents":[{"tag":"TypeConstructor","contents":[["Prim"],"Function"]},{"tag":"TypeApp","contents":[{"tag":"TypeApp","contents":[{"tag":"TypeConstructor","contents":[["Prim"],"Function"]},{"tag":"TypeVar","contents":"a"}]},{"tag":"TypeVar","contents":"b"}]}]},{"tag":"TypeApp","contents":[{"tag":"TypeApp","contents":[{"tag":"TypeConstructor","contents":[["Prim"],"Function"]},{"tag":"TypeApp","contents":[{"tag":"TypeVar","contents":"m"},{"tag":"TypeVar","contents":"a"}]}]},{"tag":"TypeApp","contents":[{"tag":"TypeVar","contents":"m"},{"tag":"TypeVar","contents":"b"}]}]}]}]},28]},29]},30]}}},{"EDValue":{"edValueName":{"Ident":"ap"},"edValueType":{"tag":"ForAll","contents":["b",{"tag":"ForAll","contents":["a",{"tag":"ForAll","contents":["m",{"tag":"ConstrainedType","contents":[{"constraintClass":[["Control","Monad"],"Monad"],"constraintArgs":[{"tag":"TypeVar","contents":"m"}],"constraintData":null},{"tag":"TypeApp","contents":[{"tag":"TypeApp","contents":[{"tag":"TypeConstructor","contents":[["Prim"],"Function"]},{"tag":"TypeApp","contents":[{"tag":"TypeVar","contents":"m"},{"tag":"TypeApp","contents":[{"tag":"TypeApp","contents":[{"tag":"TypeConstructor","contents":[["Prim"],"Function"]},{"tag":"TypeVar","contents":"a"}]},{"tag":"TypeVar","contents":"b"}]}]}]},{"tag":"TypeApp","contents":[{"tag":"TypeApp","contents":[{"tag":"TypeConstructor","contents":[["Prim"],"Function"]},{"tag":"TypeApp","contents":[{"tag":"TypeVar","contents":"m"},{"tag":"TypeVar","contents":"a"}]}]},{"tag":"TypeApp","contents":[{"tag":"TypeVar","contents":"m"},{"tag":"TypeVar","contents":"b"}]}]}]}]},34]},35]},36]}}},{"EDValue":{"edValueName":{"Ident":"whenM"},"edValueType":{"tag":"ForAll","contents":["m",{"tag":"ConstrainedType","contents":[{"constraintClass":[["Control","Monad"],"Monad"],"constraintArgs":[{"tag":"TypeVar","contents":"m"}],"constraintData":null},{"tag":"TypeApp","contents":[{"tag":"TypeApp","contents":[{"tag":"TypeConstructor","contents":[["Prim"],"Function"]},{"tag":"TypeApp","contents":[{"tag":"TypeVar","contents":"m"},{"tag":"TypeConstructor","contents":[["Prim"],"Boolean"]}]}]},{"tag":"TypeApp","contents":[{"tag":"TypeApp","contents":[{"tag":"TypeConstructor","contents":[["Prim"],"Function"]},{"tag":"TypeApp","contents":[{"tag":"TypeVar","contents":"m"},{"tag":"TypeConstructor","contents":[["Data","Unit"],"Unit"]}]}]},{"tag":"TypeApp","contents":[{"tag":"TypeVar","contents":"m"},{"tag":"TypeConstructor","contents":[["Data","Unit"],"Unit"]}]}]}]}]},0]}}},{"EDValue":{"edValueName":{"Ident":"unlessM"},"edValueType":{"tag":"ForAll","contents":["m",{"tag":"ConstrainedType","contents":[{"constraintClass":[["Control","Monad"],"Monad"],"constraintArgs":[{"tag":"TypeVar","contents":"m"}],"constraintData":null},{"tag":"TypeApp","contents":[{"tag":"TypeApp","contents":[{"tag":"TypeConstructor","contents":[["Prim"],"Function"]},{"tag":"TypeApp","contents":[{"tag":"TypeVar","contents":"m"},{"tag":"TypeConstructor","contents":[["Prim"],"Boolean"]}]}]},{"tag":"TypeApp","contents":[{"tag":"TypeApp","contents":[{"tag":"TypeConstructor","contents":[["Prim"],"Function"]},{"tag":"TypeApp","contents":[{"tag":"TypeVar","contents":"m"},{"tag":"TypeConstructor","contents":[["Data","Unit"],"Unit"]}]}]},{"tag":"TypeApp","contents":[{"tag":"TypeVar","contents":"m"},{"tag":"TypeConstructor","contents":[["Data","Unit"],"Unit"]}]}]}]}]},2]}}},{"EDInstance":{"edInstanceClassName":[["Control","Monad"],"Monad"],"edInstanceName":{"Ident":"monadFn"},"edInstanceTypes":[{"tag":"TypeApp","contents":[{"tag":"TypeConstructor","contents":[["Prim"],"Function"]},{"tag":"TypeVar","contents":"r"}]}],"edInstanceConstraints":[]}},{"EDInstance":{"edInstanceClassName":[["Control","Monad"],"Monad"],"edInstanceName":{"Ident":"monadArray"},"edInstanceTypes":[{"tag":"TypeConstructor","contents":[["Prim"],"Array"]}],"edInstanceConstraints":[]}}],"efSourceSpan":{"start":[1,1],"name":"C:\\Users\\Shashi\\juspay\\cube-rotation-narayan\\bower_components\\purescript-prelude\\src\\Control\\Monad.purs","end":[81,12]}}