{"efVersion":"0.11.7","efModuleName":["Data","Lens","Lens","Unit"],"efExports":[{"ValueRef":[{"start":[1,1],"name":"C:\\Users\\Shashi\\juspay\\cube-rotation-narayan\\bower_components\\purescript-profunctor-lenses\\src\\Data\\Lens\\Lens\\Unit.purs","end":[9,28]},{"Ident":"united"}]}],"efImports":[{"eiModule":["Prim"],"eiImportType":{"Implicit":[]},"eiImportedAs":["Prim"]},{"eiModule":["Prim"],"eiImportType":{"Implicit":[]},"eiImportedAs":null},{"eiModule":["Prelude"],"eiImportType":{"Implicit":[]},"eiImportedAs":null},{"eiModule":["Data","Lens","Lens"],"eiImportType":{"Explicit":[{"TypeRef":[{"start":[5,24],"name":"C:\\Users\\Shashi\\juspay\\cube-rotation-narayan\\bower_components\\purescript-profunctor-lenses\\src\\Data\\Lens\\Lens\\Unit.purs","end":[5,29]},"Lens'",[]]},{"ValueRef":[{"start":[5,31],"name":"C:\\Users\\Shashi\\juspay\\cube-rotation-narayan\\bower_components\\purescript-profunctor-lenses\\src\\Data\\Lens\\Lens\\Unit.purs","end":[5,35]},{"Ident":"lens"}]}]},"eiImportedAs":null}],"efFixities":[],"efTypeFixities":[],"efDeclarations":[{"EDValue":{"edValueName":{"Ident":"united"},"edValueType":{"tag":"ForAll","contents":["a",{"tag":"ForAll","contents":["p",{"tag":"ConstrainedType","contents":[{"constraintClass":[["Data","Profunctor","Strong"],"Strong"],"constraintArgs":[{"tag":"TypeVar","contents":"p"}],"constraintData":null},{"tag":"TypeApp","contents":[{"tag":"TypeApp","contents":[{"tag":"TypeConstructor","contents":[["Prim"],"Function"]},{"tag":"TypeApp","contents":[{"tag":"TypeApp","contents":[{"tag":"TypeVar","contents":"p"},{"tag":"TypeConstructor","contents":[["Data","Unit"],"Unit"]}]},{"tag":"TypeConstructor","contents":[["Data","Unit"],"Unit"]}]}]},{"tag":"TypeApp","contents":[{"tag":"TypeApp","contents":[{"tag":"TypeVar","contents":"p"},{"tag":"TypeVar","contents":"a"}]},{"tag":"TypeVar","contents":"a"}]}]}]},0]},1]}}}],"efSourceSpan":{"start":[1,1],"name":"C:\\Users\\Shashi\\juspay\\cube-rotation-narayan\\bower_components\\purescript-profunctor-lenses\\src\\Data\\Lens\\Lens\\Unit.purs","end":[9,28]}}