{"efVersion":"0.11.7","efModuleName":["Data","Lens","Index"],"efExports":[{"TypeClassRef":[{"start":[1,1],"name":"C:\\Users\\Shashi\\juspay\\cube-rotation-narayan\\bower_components\\purescript-profunctor-lenses\\src\\Data\\Lens\\Index.purs","end":[60,47]},"Index"]},{"ValueRef":[{"start":[1,1],"name":"C:\\Users\\Shashi\\juspay\\cube-rotation-narayan\\bower_components\\purescript-profunctor-lenses\\src\\Data\\Lens\\Index.purs","end":[60,47]},{"Ident":"ix"}]},{"TypeInstanceRef":[{"start":[0,0],"name":"<generated>","end":[0,0]},{"Ident":"indexArr"}]},{"TypeInstanceRef":[{"start":[0,0],"name":"<generated>","end":[0,0]},{"Ident":"indexMaybe"}]},{"TypeInstanceRef":[{"start":[0,0],"name":"<generated>","end":[0,0]},{"Ident":"indexIdentity"}]},{"TypeInstanceRef":[{"start":[0,0],"name":"<generated>","end":[0,0]},{"Ident":"indexArray"}]},{"TypeInstanceRef":[{"start":[0,0],"name":"<generated>","end":[0,0]},{"Ident":"indexSet"}]},{"TypeInstanceRef":[{"start":[0,0],"name":"<generated>","end":[0,0]},{"Ident":"indexMap"}]},{"TypeInstanceRef":[{"start":[0,0],"name":"<generated>","end":[0,0]},{"Ident":"indexStrMap"}]}],"efImports":[{"eiModule":["Prim"],"eiImportType":{"Implicit":[]},"eiImportedAs":["Prim"]},{"eiModule":["Prim"],"eiImportType":{"Implicit":[]},"eiImportedAs":null},{"eiModule":["Prelude"],"eiImportType":{"Implicit":[]},"eiImportedAs":null},{"eiModule":["Data","Array"],"eiImportType":{"Implicit":[]},"eiImportedAs":["A"]},{"eiModule":["Data","Identity"],"eiImportType":{"Explicit":[{"TypeRef":[{"start":[9,23],"name":"C:\\Users\\Shashi\\juspay\\cube-rotation-narayan\\bower_components\\purescript-profunctor-lenses\\src\\Data\\Lens\\Index.purs","end":[9,31]},"Identity",[]]}]},"eiImportedAs":null},{"eiModule":["Data","Lens","Internal","Wander"],"eiImportType":{"Explicit":[{"ValueRef":[{"start":[10,35],"name":"C:\\Users\\Shashi\\juspay\\cube-rotation-narayan\\bower_components\\purescript-profunctor-lenses\\src\\Data\\Lens\\Index.purs","end":[10,41]},{"Ident":"wander"}]}]},"eiImportedAs":null},{"eiModule":["Data","Lens","Types"],"eiImportType":{"Explicit":[{"TypeRef":[{"start":[11,25],"name":"C:\\Users\\Shashi\\juspay\\cube-rotation-narayan\\bower_components\\purescript-profunctor-lenses\\src\\Data\\Lens\\Index.purs","end":[11,35]},"Traversal'",[]]}]},"eiImportedAs":null},{"eiModule":["Data","Map"],"eiImportType":{"Implicit":[]},"eiImportedAs":["M"]},{"eiModule":["Data","Maybe"],"eiImportType":{"Explicit":[{"TypeRef":[{"start":[13,20],"name":"C:\\Users\\Shashi\\juspay\\cube-rotation-narayan\\bower_components\\purescript-profunctor-lenses\\src\\Data\\Lens\\Index.purs","end":[13,25]},"Maybe",[]]},{"ValueRef":[{"start":[13,27],"name":"C:\\Users\\Shashi\\juspay\\cube-rotation-narayan\\bower_components\\purescript-profunctor-lenses\\src\\Data\\Lens\\Index.purs","end":[13,32]},{"Ident":"maybe"}]},{"ValueRef":[{"start":[13,34],"name":"C:\\Users\\Shashi\\juspay\\cube-rotation-narayan\\bower_components\\purescript-profunctor-lenses\\src\\Data\\Lens\\Index.purs","end":[13,43]},{"Ident":"fromMaybe"}]}]},"eiImportedAs":null},{"eiModule":["Data","Set"],"eiImportType":{"Implicit":[]},"eiImportedAs":["S"]},{"eiModule":["Data","StrMap"],"eiImportType":{"Implicit":[]},"eiImportedAs":["SM"]},{"eiModule":["Data","Traversable"],"eiImportType":{"Explicit":[{"ValueRef":[{"start":[16,26],"name":"C:\\Users\\Shashi\\juspay\\cube-rotation-narayan\\bower_components\\purescript-profunctor-lenses\\src\\Data\\Lens\\Index.purs","end":[16,34]},{"Ident":"traverse"}]}]},"eiImportedAs":null}],"efFixities":[],"efTypeFixities":[],"efDeclarations":[{"EDType":{"edTypeName":"Index","edTypeKind":{"tag":"FunKind","contents":[{"tag":"NamedKind","contents":[["Prim"],"Type"]},{"tag":"FunKind","contents":[{"tag":"NamedKind","contents":[["Prim"],"Type"]},{"tag":"FunKind","contents":[{"tag":"NamedKind","contents":[["Prim"],"Type"]},{"tag":"NamedKind","contents":[["Prim"],"Type"]}]}]}]},"edTypeDeclarationKind":"TypeSynonym"}},{"EDTypeSynonym":{"edTypeSynonymName":"Index","edTypeSynonymArguments":[["m",null],["a",null],["b",null]],"edTypeSynonymType":{"tag":"TypeApp","contents":[{"tag":"TypeConstructor","contents":[["Prim"],"Record"]},{"tag":"RCons","contents":["ix",{"tag":"TypeApp","contents":[{"tag":"TypeApp","contents":[{"tag":"TypeConstructor","contents":[["Prim"],"Function"]},{"tag":"TypeVar","contents":"a"}]},{"tag":"TypeApp","contents":[{"tag":"TypeApp","contents":[{"tag":"TypeConstructor","contents":[["Data","Lens","Types"],"Traversal'"]},{"tag":"TypeVar","contents":"m"}]},{"tag":"TypeVar","contents":"b"}]}]},{"tag":"REmpty"}]}]}}},{"EDClass":{"edClassName":"Index","edClassTypeArguments":[["m",null],["a",null],["b",null]],"edClassMembers":[[{"Ident":"ix"},{"tag":"TypeApp","contents":[{"tag":"TypeApp","contents":[{"tag":"TypeConstructor","contents":[["Prim"],"Function"]},{"tag":"TypeVar","contents":"a"}]},{"tag":"TypeApp","contents":[{"tag":"TypeApp","contents":[{"tag":"TypeConstructor","contents":[["Data","Lens","Types"],"Traversal'"]},{"tag":"TypeVar","contents":"m"}]},{"tag":"TypeVar","contents":"b"}]}]}]],"edClassConstraints":[],"edFunctionalDependencies":[{"determiners":[0],"determined":[1]},{"determiners":[0],"determined":[2]}]}},{"EDValue":{"edValueName":{"Ident":"ix"},"edValueType":{"tag":"ForAll","contents":["m",{"tag":"ForAll","contents":["a",{"tag":"ForAll","contents":["b",{"tag":"ConstrainedType","contents":[{"constraintClass":[["Data","Lens","Index"],"Index"],"constraintArgs":[{"tag":"TypeVar","contents":"m"},{"tag":"TypeVar","contents":"a"},{"tag":"TypeVar","contents":"b"}],"constraintData":null},{"tag":"TypeApp","contents":[{"tag":"TypeApp","contents":[{"tag":"TypeConstructor","contents":[["Prim"],"Function"]},{"tag":"TypeVar","contents":"a"}]},{"tag":"ForAll","contents":["p",{"tag":"ConstrainedType","contents":[{"constraintClass":[["Data","Lens","Internal","Wander"],"Wander"],"constraintArgs":[{"tag":"TypeVar","contents":"p"}],"constraintData":null},{"tag":"TypeApp","contents":[{"tag":"TypeApp","contents":[{"tag":"TypeConstructor","contents":[["Prim"],"Function"]},{"tag":"TypeApp","contents":[{"tag":"TypeApp","contents":[{"tag":"TypeVar","contents":"p"},{"tag":"TypeVar","contents":"b"}]},{"tag":"TypeVar","contents":"b"}]}]},{"tag":"TypeApp","contents":[{"tag":"TypeApp","contents":[{"tag":"TypeVar","contents":"p"},{"tag":"TypeVar","contents":"m"}]},{"tag":"TypeVar","contents":"m"}]}]}]},0]}]}]},1]},2]},3]}}},{"EDInstance":{"edInstanceClassName":[["Data","Lens","Index"],"Index"],"edInstanceName":{"Ident":"indexArr"},"edInstanceTypes":[{"tag":"TypeApp","contents":[{"tag":"TypeApp","contents":[{"tag":"TypeConstructor","contents":[["Prim"],"Function"]},{"tag":"TypeVar","contents":"i"}]},{"tag":"TypeVar","contents":"a"}]},{"tag":"TypeVar","contents":"i"},{"tag":"TypeVar","contents":"a"}],"edInstanceConstraints":[{"constraintClass":[["Data","Eq"],"Eq"],"constraintArgs":[{"tag":"TypeVar","contents":"i"}],"constraintData":null}]}},{"EDInstance":{"edInstanceClassName":[["Data","Lens","Index"],"Index"],"edInstanceName":{"Ident":"indexMaybe"},"edInstanceTypes":[{"tag":"TypeApp","contents":[{"tag":"TypeConstructor","contents":[["Data","Maybe"],"Maybe"]},{"tag":"TypeVar","contents":"a"}]},{"tag":"TypeConstructor","contents":[["Data","Unit"],"Unit"]},{"tag":"TypeVar","contents":"a"}],"edInstanceConstraints":[]}},{"EDInstance":{"edInstanceClassName":[["Data","Lens","Index"],"Index"],"edInstanceName":{"Ident":"indexIdentity"},"edInstanceTypes":[{"tag":"TypeApp","contents":[{"tag":"TypeConstructor","contents":[["Data","Identity"],"Identity"]},{"tag":"TypeVar","contents":"a"}]},{"tag":"TypeConstructor","contents":[["Data","Unit"],"Unit"]},{"tag":"TypeVar","contents":"a"}],"edInstanceConstraints":[]}},{"EDInstance":{"edInstanceClassName":[["Data","Lens","Index"],"Index"],"edInstanceName":{"Ident":"indexArray"},"edInstanceTypes":[{"tag":"TypeApp","contents":[{"tag":"TypeConstructor","contents":[["Prim"],"Array"]},{"tag":"TypeVar","contents":"a"}]},{"tag":"TypeConstructor","contents":[["Prim"],"Int"]},{"tag":"TypeVar","contents":"a"}],"edInstanceConstraints":[]}},{"EDInstance":{"edInstanceClassName":[["Data","Lens","Index"],"Index"],"edInstanceName":{"Ident":"indexSet"},"edInstanceTypes":[{"tag":"TypeApp","contents":[{"tag":"TypeConstructor","contents":[["Data","Set"],"Set"]},{"tag":"TypeVar","contents":"a"}]},{"tag":"TypeVar","contents":"a"},{"tag":"TypeConstructor","contents":[["Data","Unit"],"Unit"]}],"edInstanceConstraints":[{"constraintClass":[["Data","Ord"],"Ord"],"constraintArgs":[{"tag":"TypeVar","contents":"a"}],"constraintData":null}]}},{"EDInstance":{"edInstanceClassName":[["Data","Lens","Index"],"Index"],"edInstanceName":{"Ident":"indexMap"},"edInstanceTypes":[{"tag":"TypeApp","contents":[{"tag":"TypeApp","contents":[{"tag":"TypeConstructor","contents":[["Data","Map"],"Map"]},{"tag":"TypeVar","contents":"k"}]},{"tag":"TypeVar","contents":"v"}]},{"tag":"TypeVar","contents":"k"},{"tag":"TypeVar","contents":"v"}],"edInstanceConstraints":[{"constraintClass":[["Data","Ord"],"Ord"],"constraintArgs":[{"tag":"TypeVar","contents":"k"}],"constraintData":null}]}},{"EDInstance":{"edInstanceClassName":[["Data","Lens","Index"],"Index"],"edInstanceName":{"Ident":"indexStrMap"},"edInstanceTypes":[{"tag":"TypeApp","contents":[{"tag":"TypeConstructor","contents":[["Data","StrMap"],"StrMap"]},{"tag":"TypeVar","contents":"v"}]},{"tag":"TypeConstructor","contents":[["Prim"],"String"]},{"tag":"TypeVar","contents":"v"}],"edInstanceConstraints":[]}}],"efSourceSpan":{"start":[1,1],"name":"C:\\Users\\Shashi\\juspay\\cube-rotation-narayan\\bower_components\\purescript-profunctor-lenses\\src\\Data\\Lens\\Index.purs","end":[60,47]}}