{"efVersion":"0.11.7","efModuleName":["Control","Monad","Aff","AVar"],"efExports":[{"ReExportRef":[{"start":[1,1],"name":"C:\\Users\\Shashi\\juspay\\cube-rotation-narayan\\bower_components\\purescript-aff\\src\\Control\\Monad\\Aff\\AVar.purs","end":[77,13]},["Control","Monad","Aff","Internal"],{"TypeRef":[{"start":[1,1],"name":"C:\\Users\\Shashi\\juspay\\cube-rotation-narayan\\bower_components\\purescript-aff\\src\\Control\\Monad\\Aff\\AVar.purs","end":[77,13]},"AVar",[]]}]},{"TypeRef":[{"start":[1,1],"name":"C:\\Users\\Shashi\\juspay\\cube-rotation-narayan\\bower_components\\purescript-aff\\src\\Control\\Monad\\Aff\\AVar.purs","end":[77,13]},"AffAVar",[]]},{"TypeRef":[{"start":[1,1],"name":"C:\\Users\\Shashi\\juspay\\cube-rotation-narayan\\bower_components\\purescript-aff\\src\\Control\\Monad\\Aff\\AVar.purs","end":[77,13]},"AVAR",[]]},{"ValueRef":[{"start":[1,1],"name":"C:\\Users\\Shashi\\juspay\\cube-rotation-narayan\\bower_components\\purescript-aff\\src\\Control\\Monad\\Aff\\AVar.purs","end":[77,13]},{"Ident":"makeVar"}]},{"ValueRef":[{"start":[1,1],"name":"C:\\Users\\Shashi\\juspay\\cube-rotation-narayan\\bower_components\\purescript-aff\\src\\Control\\Monad\\Aff\\AVar.purs","end":[77,13]},{"Ident":"makeVar'"}]},{"ValueRef":[{"start":[1,1],"name":"C:\\Users\\Shashi\\juspay\\cube-rotation-narayan\\bower_components\\purescript-aff\\src\\Control\\Monad\\Aff\\AVar.purs","end":[77,13]},{"Ident":"takeVar"}]},{"ValueRef":[{"start":[1,1],"name":"C:\\Users\\Shashi\\juspay\\cube-rotation-narayan\\bower_components\\purescript-aff\\src\\Control\\Monad\\Aff\\AVar.purs","end":[77,13]},{"Ident":"peekVar"}]},{"ValueRef":[{"start":[1,1],"name":"C:\\Users\\Shashi\\juspay\\cube-rotation-narayan\\bower_components\\purescript-aff\\src\\Control\\Monad\\Aff\\AVar.purs","end":[77,13]},{"Ident":"putVar"}]},{"ValueRef":[{"start":[1,1],"name":"C:\\Users\\Shashi\\juspay\\cube-rotation-narayan\\bower_components\\purescript-aff\\src\\Control\\Monad\\Aff\\AVar.purs","end":[77,13]},{"Ident":"modifyVar"}]},{"ValueRef":[{"start":[1,1],"name":"C:\\Users\\Shashi\\juspay\\cube-rotation-narayan\\bower_components\\purescript-aff\\src\\Control\\Monad\\Aff\\AVar.purs","end":[77,13]},{"Ident":"killVar"}]},{"ValueRef":[{"start":[1,1],"name":"C:\\Users\\Shashi\\juspay\\cube-rotation-narayan\\bower_components\\purescript-aff\\src\\Control\\Monad\\Aff\\AVar.purs","end":[77,13]},{"Ident":"tryTakeVar"}]},{"ValueRef":[{"start":[1,1],"name":"C:\\Users\\Shashi\\juspay\\cube-rotation-narayan\\bower_components\\purescript-aff\\src\\Control\\Monad\\Aff\\AVar.purs","end":[77,13]},{"Ident":"tryPeekVar"}]},{"ModuleRef":[{"start":[14,5],"name":"C:\\Users\\Shashi\\juspay\\cube-rotation-narayan\\bower_components\\purescript-aff\\src\\Control\\Monad\\Aff\\AVar.purs","end":[14,19]},["Exports"]]}],"efImports":[{"eiModule":["Prim"],"eiImportType":{"Implicit":[]},"eiImportedAs":["Prim"]},{"eiModule":["Prim"],"eiImportType":{"Implicit":[]},"eiImportedAs":null},{"eiModule":["Prelude"],"eiImportType":{"Implicit":[]},"eiImportedAs":null},{"eiModule":["Control","Monad","Aff"],"eiImportType":{"Explicit":[{"TypeRef":[{"start":[19,27],"name":"C:\\Users\\Shashi\\juspay\\cube-rotation-narayan\\bower_components\\purescript-aff\\src\\Control\\Monad\\Aff\\AVar.purs","end":[19,30]},"Aff",[]]},{"ValueRef":[{"start":[19,32],"name":"C:\\Users\\Shashi\\juspay\\cube-rotation-narayan\\bower_components\\purescript-aff\\src\\Control\\Monad\\Aff\\AVar.purs","end":[19,43]},{"Ident":"nonCanceler"}]}]},"eiImportedAs":null},{"eiModule":["Control","Monad","Aff","Internal"],"eiImportType":{"Explicit":[{"TypeRef":[{"start":[20,36],"name":"C:\\Users\\Shashi\\juspay\\cube-rotation-narayan\\bower_components\\purescript-aff\\src\\Control\\Monad\\Aff\\AVar.purs","end":[20,40]},"AVar",[]]}]},"eiImportedAs":["Exports"]},{"eiModule":["Control","Monad","Aff","Internal"],"eiImportType":{"Explicit":[{"TypeRef":[{"start":[21,36],"name":"C:\\Users\\Shashi\\juspay\\cube-rotation-narayan\\bower_components\\purescript-aff\\src\\Control\\Monad\\Aff\\AVar.purs","end":[21,41]},"AVBox",[]]},{"TypeRef":[{"start":[21,43],"name":"C:\\Users\\Shashi\\juspay\\cube-rotation-narayan\\bower_components\\purescript-aff\\src\\Control\\Monad\\Aff\\AVar.purs","end":[21,47]},"AVar",[]]},{"ValueRef":[{"start":[21,49],"name":"C:\\Users\\Shashi\\juspay\\cube-rotation-narayan\\bower_components\\purescript-aff\\src\\Control\\Monad\\Aff\\AVar.purs","end":[21,57]},{"Ident":"_killVar"}]},{"ValueRef":[{"start":[21,59],"name":"C:\\Users\\Shashi\\juspay\\cube-rotation-narayan\\bower_components\\purescript-aff\\src\\Control\\Monad\\Aff\\AVar.purs","end":[21,66]},{"Ident":"_putVar"}]},{"ValueRef":[{"start":[21,68],"name":"C:\\Users\\Shashi\\juspay\\cube-rotation-narayan\\bower_components\\purescript-aff\\src\\Control\\Monad\\Aff\\AVar.purs","end":[21,76]},{"Ident":"_takeVar"}]},{"ValueRef":[{"start":[21,78],"name":"C:\\Users\\Shashi\\juspay\\cube-rotation-narayan\\bower_components\\purescript-aff\\src\\Control\\Monad\\Aff\\AVar.purs","end":[21,86]},{"Ident":"_peekVar"}]},{"ValueRef":[{"start":[21,88],"name":"C:\\Users\\Shashi\\juspay\\cube-rotation-narayan\\bower_components\\purescript-aff\\src\\Control\\Monad\\Aff\\AVar.purs","end":[21,96]},{"Ident":"_makeVar"}]},{"ValueRef":[{"start":[21,98],"name":"C:\\Users\\Shashi\\juspay\\cube-rotation-narayan\\bower_components\\purescript-aff\\src\\Control\\Monad\\Aff\\AVar.purs","end":[21,109]},{"Ident":"_tryTakeVar"}]},{"ValueRef":[{"start":[21,111],"name":"C:\\Users\\Shashi\\juspay\\cube-rotation-narayan\\bower_components\\purescript-aff\\src\\Control\\Monad\\Aff\\AVar.purs","end":[21,122]},{"Ident":"_tryPeekVar"}]}]},"eiImportedAs":null},{"eiModule":["Control","Monad","Eff"],"eiImportType":{"Explicit":[{"KindRef":[{"start":[22,27],"name":"C:\\Users\\Shashi\\juspay\\cube-rotation-narayan\\bower_components\\purescript-aff\\src\\Control\\Monad\\Aff\\AVar.purs","end":[22,38]},"Effect"]}]},"eiImportedAs":null},{"eiModule":["Control","Monad","Eff","Exception"],"eiImportType":{"Explicit":[{"TypeRef":[{"start":[23,37],"name":"C:\\Users\\Shashi\\juspay\\cube-rotation-narayan\\bower_components\\purescript-aff\\src\\Control\\Monad\\Aff\\AVar.purs","end":[23,44]},"Error",[]]}]},"eiImportedAs":null},{"eiModule":["Data","Function","Uncurried"],"eiImportType":{"Explicit":[{"ValueRef":[{"start":[25,33],"name":"C:\\Users\\Shashi\\juspay\\cube-rotation-narayan\\bower_components\\purescript-aff\\src\\Control\\Monad\\Aff\\AVar.purs","end":[25,39]},{"Ident":"runFn4"}]},{"ValueRef":[{"start":[25,41],"name":"C:\\Users\\Shashi\\juspay\\cube-rotation-narayan\\bower_components\\purescript-aff\\src\\Control\\Monad\\Aff\\AVar.purs","end":[25,47]},{"Ident":"runFn3"}]},{"ValueRef":[{"start":[25,49],"name":"C:\\Users\\Shashi\\juspay\\cube-rotation-narayan\\bower_components\\purescript-aff\\src\\Control\\Monad\\Aff\\AVar.purs","end":[25,55]},{"Ident":"runFn2"}]}]},"eiImportedAs":null},{"eiModule":["Data","Maybe"],"eiImportType":{"Explicit":[{"TypeRef":[{"start":[26,20],"name":"C:\\Users\\Shashi\\juspay\\cube-rotation-narayan\\bower_components\\purescript-aff\\src\\Control\\Monad\\Aff\\AVar.purs","end":[26,29]},"Maybe",null]}]},"eiImportedAs":null},{"eiModule":["Unsafe","Coerce"],"eiImportType":{"Explicit":[{"ValueRef":[{"start":[28,23],"name":"C:\\Users\\Shashi\\juspay\\cube-rotation-narayan\\bower_components\\purescript-aff\\src\\Control\\Monad\\Aff\\AVar.purs","end":[28,35]},{"Ident":"unsafeCoerce"}]}]},"eiImportedAs":null}],"efFixities":[],"efTypeFixities":[],"efDeclarations":[{"EDType":{"edTypeName":"AffAVar","edTypeKind":{"tag":"FunKind","contents":[{"tag":"Row","contents":{"tag":"NamedKind","contents":[["Control","Monad","Eff"],"Effect"]}},{"tag":"FunKind","contents":[{"tag":"NamedKind","contents":[["Prim"],"Type"]},{"tag":"NamedKind","contents":[["Prim"],"Type"]}]}]},"edTypeDeclarationKind":"TypeSynonym"}},{"EDTypeSynonym":{"edTypeSynonymName":"AffAVar","edTypeSynonymArguments":[["e",{"tag":"Row","contents":{"tag":"NamedKind","contents":[["Control","Monad","Eff"],"Effect"]}}],["a",{"tag":"NamedKind","contents":[["Prim"],"Type"]}]],"edTypeSynonymType":{"tag":"TypeApp","contents":[{"tag":"TypeApp","contents":[{"tag":"TypeConstructor","contents":[["Control","Monad","Aff"],"Aff"]},{"tag":"RCons","contents":["avar",{"tag":"TypeConstructor","contents":[["Control","Monad","Aff","AVar"],"AVAR"]},{"tag":"TypeVar","contents":"e"}]}]},{"tag":"TypeVar","contents":"a"}]}}},{"EDType":{"edTypeName":"AVAR","edTypeKind":{"tag":"NamedKind","contents":[["Control","Monad","Eff"],"Effect"]},"edTypeDeclarationKind":"ExternData"}},{"EDValue":{"edValueName":{"Ident":"makeVar"},"edValueType":{"tag":"ForAll","contents":["a",{"tag":"ForAll","contents":["e",{"tag":"TypeApp","contents":[{"tag":"TypeApp","contents":[{"tag":"TypeConstructor","contents":[["Control","Monad","Aff"],"Aff"]},{"tag":"RCons","contents":["avar",{"tag":"TypeConstructor","contents":[["Control","Monad","Aff","AVar"],"AVAR"]},{"tag":"TypeVar","contents":"e"}]}]},{"tag":"TypeApp","contents":[{"tag":"TypeConstructor","contents":[["Control","Monad","Aff","Internal"],"AVar"]},{"tag":"TypeVar","contents":"a"}]}]},16]},17]}}},{"EDValue":{"edValueName":{"Ident":"makeVar'"},"edValueType":{"tag":"ForAll","contents":["a",{"tag":"ForAll","contents":["e",{"tag":"TypeApp","contents":[{"tag":"TypeApp","contents":[{"tag":"TypeConstructor","contents":[["Prim"],"Function"]},{"tag":"TypeVar","contents":"a"}]},{"tag":"TypeApp","contents":[{"tag":"TypeApp","contents":[{"tag":"TypeConstructor","contents":[["Control","Monad","Aff"],"Aff"]},{"tag":"RCons","contents":["avar",{"tag":"TypeConstructor","contents":[["Control","Monad","Aff","AVar"],"AVAR"]},{"tag":"TypeVar","contents":"e"}]}]},{"tag":"TypeApp","contents":[{"tag":"TypeConstructor","contents":[["Control","Monad","Aff","Internal"],"AVar"]},{"tag":"TypeVar","contents":"a"}]}]}]},41]},42]}}},{"EDValue":{"edValueName":{"Ident":"takeVar"},"edValueType":{"tag":"ForAll","contents":["a",{"tag":"ForAll","contents":["e",{"tag":"TypeApp","contents":[{"tag":"TypeApp","contents":[{"tag":"TypeConstructor","contents":[["Prim"],"Function"]},{"tag":"TypeApp","contents":[{"tag":"TypeConstructor","contents":[["Control","Monad","Aff","Internal"],"AVar"]},{"tag":"TypeVar","contents":"a"}]}]},{"tag":"TypeApp","contents":[{"tag":"TypeApp","contents":[{"tag":"TypeConstructor","contents":[["Control","Monad","Aff"],"Aff"]},{"tag":"RCons","contents":["avar",{"tag":"TypeConstructor","contents":[["Control","Monad","Aff","AVar"],"AVAR"]},{"tag":"TypeVar","contents":"e"}]}]},{"tag":"TypeVar","contents":"a"}]}]},45]},46]}}},{"EDValue":{"edValueName":{"Ident":"peekVar"},"edValueType":{"tag":"ForAll","contents":["a",{"tag":"ForAll","contents":["e",{"tag":"TypeApp","contents":[{"tag":"TypeApp","contents":[{"tag":"TypeConstructor","contents":[["Prim"],"Function"]},{"tag":"TypeApp","contents":[{"tag":"TypeConstructor","contents":[["Control","Monad","Aff","Internal"],"AVar"]},{"tag":"TypeVar","contents":"a"}]}]},{"tag":"TypeApp","contents":[{"tag":"TypeApp","contents":[{"tag":"TypeConstructor","contents":[["Control","Monad","Aff"],"Aff"]},{"tag":"RCons","contents":["avar",{"tag":"TypeConstructor","contents":[["Control","Monad","Aff","AVar"],"AVAR"]},{"tag":"TypeVar","contents":"e"}]}]},{"tag":"TypeVar","contents":"a"}]}]},22]},23]}}},{"EDValue":{"edValueName":{"Ident":"putVar"},"edValueType":{"tag":"ForAll","contents":["a",{"tag":"ForAll","contents":["e",{"tag":"TypeApp","contents":[{"tag":"TypeApp","contents":[{"tag":"TypeConstructor","contents":[["Prim"],"Function"]},{"tag":"TypeApp","contents":[{"tag":"TypeConstructor","contents":[["Control","Monad","Aff","Internal"],"AVar"]},{"tag":"TypeVar","contents":"a"}]}]},{"tag":"TypeApp","contents":[{"tag":"TypeApp","contents":[{"tag":"TypeConstructor","contents":[["Prim"],"Function"]},{"tag":"TypeVar","contents":"a"}]},{"tag":"TypeApp","contents":[{"tag":"TypeApp","contents":[{"tag":"TypeConstructor","contents":[["Control","Monad","Aff"],"Aff"]},{"tag":"RCons","contents":["avar",{"tag":"TypeConstructor","contents":[["Control","Monad","Aff","AVar"],"AVAR"]},{"tag":"TypeVar","contents":"e"}]}]},{"tag":"TypeConstructor","contents":[["Data","Unit"],"Unit"]}]}]}]},31]},32]}}},{"EDValue":{"edValueName":{"Ident":"modifyVar"},"edValueType":{"tag":"ForAll","contents":["a",{"tag":"ForAll","contents":["e",{"tag":"TypeApp","contents":[{"tag":"TypeApp","contents":[{"tag":"TypeConstructor","contents":[["Prim"],"Function"]},{"tag":"TypeApp","contents":[{"tag":"TypeApp","contents":[{"tag":"TypeConstructor","contents":[["Prim"],"Function"]},{"tag":"TypeVar","contents":"a"}]},{"tag":"TypeVar","contents":"a"}]}]},{"tag":"TypeApp","contents":[{"tag":"TypeApp","contents":[{"tag":"TypeConstructor","contents":[["Prim"],"Function"]},{"tag":"TypeApp","contents":[{"tag":"TypeConstructor","contents":[["Control","Monad","Aff","Internal"],"AVar"]},{"tag":"TypeVar","contents":"a"}]}]},{"tag":"TypeApp","contents":[{"tag":"TypeApp","contents":[{"tag":"TypeConstructor","contents":[["Control","Monad","Aff"],"Aff"]},{"tag":"RCons","contents":["avar",{"tag":"TypeConstructor","contents":[["Control","Monad","Aff","AVar"],"AVAR"]},{"tag":"TypeVar","contents":"e"}]}]},{"tag":"TypeConstructor","contents":[["Data","Unit"],"Unit"]}]}]}]},54]},55]}}},{"EDValue":{"edValueName":{"Ident":"killVar"},"edValueType":{"tag":"ForAll","contents":["a",{"tag":"ForAll","contents":["e",{"tag":"TypeApp","contents":[{"tag":"TypeApp","contents":[{"tag":"TypeConstructor","contents":[["Prim"],"Function"]},{"tag":"TypeApp","contents":[{"tag":"TypeConstructor","contents":[["Control","Monad","Aff","Internal"],"AVar"]},{"tag":"TypeVar","contents":"a"}]}]},{"tag":"TypeApp","contents":[{"tag":"TypeApp","contents":[{"tag":"TypeConstructor","contents":[["Prim"],"Function"]},{"tag":"TypeConstructor","contents":[["Control","Monad","Eff","Exception"],"Error"]}]},{"tag":"TypeApp","contents":[{"tag":"TypeApp","contents":[{"tag":"TypeConstructor","contents":[["Control","Monad","Aff"],"Aff"]},{"tag":"RCons","contents":["avar",{"tag":"TypeConstructor","contents":[["Control","Monad","Aff","AVar"],"AVAR"]},{"tag":"TypeVar","contents":"e"}]}]},{"tag":"TypeConstructor","contents":[["Data","Unit"],"Unit"]}]}]}]},6]},7]}}},{"EDValue":{"edValueName":{"Ident":"tryTakeVar"},"edValueType":{"tag":"ForAll","contents":["a",{"tag":"ForAll","contents":["e",{"tag":"TypeApp","contents":[{"tag":"TypeApp","contents":[{"tag":"TypeConstructor","contents":[["Prim"],"Function"]},{"tag":"TypeApp","contents":[{"tag":"TypeConstructor","contents":[["Control","Monad","Aff","Internal"],"AVar"]},{"tag":"TypeVar","contents":"a"}]}]},{"tag":"TypeApp","contents":[{"tag":"TypeApp","contents":[{"tag":"TypeConstructor","contents":[["Control","Monad","Aff"],"Aff"]},{"tag":"RCons","contents":["avar",{"tag":"TypeConstructor","contents":[["Control","Monad","Aff","AVar"],"AVAR"]},{"tag":"TypeVar","contents":"e"}]}]},{"tag":"TypeApp","contents":[{"tag":"TypeConstructor","contents":[["Data","Maybe"],"Maybe"]},{"tag":"TypeVar","contents":"a"}]}]}]},75]},76]}}},{"EDValue":{"edValueName":{"Ident":"tryPeekVar"},"edValueType":{"tag":"ForAll","contents":["a",{"tag":"ForAll","contents":["e",{"tag":"TypeApp","contents":[{"tag":"TypeApp","contents":[{"tag":"TypeConstructor","contents":[["Prim"],"Function"]},{"tag":"TypeApp","contents":[{"tag":"TypeConstructor","contents":[["Control","Monad","Aff","Internal"],"AVar"]},{"tag":"TypeVar","contents":"a"}]}]},{"tag":"TypeApp","contents":[{"tag":"TypeApp","contents":[{"tag":"TypeConstructor","contents":[["Control","Monad","Aff"],"Aff"]},{"tag":"RCons","contents":["avar",{"tag":"TypeConstructor","contents":[["Control","Monad","Aff","AVar"],"AVAR"]},{"tag":"TypeVar","contents":"e"}]}]},{"tag":"TypeApp","contents":[{"tag":"TypeConstructor","contents":[["Data","Maybe"],"Maybe"]},{"tag":"TypeVar","contents":"a"}]}]}]},58]},59]}}}],"efSourceSpan":{"start":[1,1],"name":"C:\\Users\\Shashi\\juspay\\cube-rotation-narayan\\bower_components\\purescript-aff\\src\\Control\\Monad\\Aff\\AVar.purs","end":[77,13]}}