{"efVersion":"0.11.7","efModuleName":["Data","Lens","Fold","Partial"],"efExports":[{"ValueRef":[{"start":[1,1],"name":"C:\\Users\\Shashi\\juspay\\cube-rotation-narayan\\bower_components\\purescript-profunctor-lenses\\src\\Data\\Lens\\Fold\\Partial.purs","end":[31,31]},{"Ident":"unsafeView"}]},{"ValueOpRef":[{"start":[1,1],"name":"C:\\Users\\Shashi\\juspay\\cube-rotation-narayan\\bower_components\\purescript-profunctor-lenses\\src\\Data\\Lens\\Fold\\Partial.purs","end":[31,31]},"^?!"]},{"ValueRef":[{"start":[1,1],"name":"C:\\Users\\Shashi\\juspay\\cube-rotation-narayan\\bower_components\\purescript-profunctor-lenses\\src\\Data\\Lens\\Fold\\Partial.purs","end":[31,31]},{"Ident":"unsafeIndexedFold"}]},{"ValueOpRef":[{"start":[1,1],"name":"C:\\Users\\Shashi\\juspay\\cube-rotation-narayan\\bower_components\\purescript-profunctor-lenses\\src\\Data\\Lens\\Fold\\Partial.purs","end":[31,31]},"^@?!"]}],"efImports":[{"eiModule":["Prim"],"eiImportType":{"Implicit":[]},"eiImportedAs":["Prim"]},{"eiModule":["Prim"],"eiImportType":{"Implicit":[]},"eiImportedAs":null},{"eiModule":["Prelude"],"eiImportType":{"Implicit":[]},"eiImportedAs":null},{"eiModule":["Data","Lens","Fold"],"eiImportType":{"Explicit":[{"TypeRef":[{"start":[9,24],"name":"C:\\Users\\Shashi\\juspay\\cube-rotation-narayan\\bower_components\\purescript-profunctor-lenses\\src\\Data\\Lens\\Fold\\Partial.purs","end":[9,28]},"Fold",[]]},{"ValueRef":[{"start":[9,30],"name":"C:\\Users\\Shashi\\juspay\\cube-rotation-narayan\\bower_components\\purescript-profunctor-lenses\\src\\Data\\Lens\\Fold\\Partial.purs","end":[9,40]},{"Ident":"ifoldMapOf"}]},{"ValueRef":[{"start":[9,42],"name":"C:\\Users\\Shashi\\juspay\\cube-rotation-narayan\\bower_components\\purescript-profunctor-lenses\\src\\Data\\Lens\\Fold\\Partial.purs","end":[9,51]},{"Ident":"previewOn"}]}]},"eiImportedAs":null},{"eiModule":["Data","Lens","Types"],"eiImportType":{"Explicit":[{"TypeRef":[{"start":[10,25],"name":"C:\\Users\\Shashi\\juspay\\cube-rotation-narayan\\bower_components\\purescript-profunctor-lenses\\src\\Data\\Lens\\Fold\\Partial.purs","end":[10,36]},"IndexedFold",[]]}]},"eiImportedAs":null},{"eiModule":["Data","Maybe"],"eiImportType":{"Explicit":[{"ValueRef":[{"start":[11,20],"name":"C:\\Users\\Shashi\\juspay\\cube-rotation-narayan\\bower_components\\purescript-profunctor-lenses\\src\\Data\\Lens\\Fold\\Partial.purs","end":[11,30]},{"Ident":"fromMaybe'"}]},{"TypeRef":[{"start":[11,32],"name":"C:\\Users\\Shashi\\juspay\\cube-rotation-narayan\\bower_components\\purescript-profunctor-lenses\\src\\Data\\Lens\\Fold\\Partial.purs","end":[11,41]},"Maybe",null]}]},"eiImportedAs":null},{"eiModule":["Data","Maybe","First"],"eiImportType":{"Explicit":[{"TypeRef":[{"start":[12,26],"name":"C:\\Users\\Shashi\\juspay\\cube-rotation-narayan\\bower_components\\purescript-profunctor-lenses\\src\\Data\\Lens\\Fold\\Partial.purs","end":[12,35]},"First",null]}]},"eiImportedAs":null},{"eiModule":["Data","Tuple"],"eiImportType":{"Explicit":[{"TypeRef":[{"start":[13,19],"name":"C:\\Users\\Shashi\\juspay\\cube-rotation-narayan\\bower_components\\purescript-profunctor-lenses\\src\\Data\\Lens\\Fold\\Partial.purs","end":[13,28]},"Tuple",null]}]},"eiImportedAs":null},{"eiModule":["Data","Newtype"],"eiImportType":{"Explicit":[{"ValueRef":[{"start":[14,22],"name":"C:\\Users\\Shashi\\juspay\\cube-rotation-narayan\\bower_components\\purescript-profunctor-lenses\\src\\Data\\Lens\\Fold\\Partial.purs","end":[14,28]},{"Ident":"unwrap"}]}]},"eiImportedAs":null},{"eiModule":["Partial","Unsafe"],"eiImportType":{"Explicit":[{"ValueRef":[{"start":[15,24],"name":"C:\\Users\\Shashi\\juspay\\cube-rotation-narayan\\bower_components\\purescript-profunctor-lenses\\src\\Data\\Lens\\Fold\\Partial.purs","end":[15,39]},{"Ident":"unsafeCrashWith"}]}]},"eiImportedAs":null}],"efFixities":[{"efAssociativity":"infixl","efPrecedence":8,"efOperator":"^?!","efAlias":[["Data","Lens","Fold","Partial"],{"Left":{"Ident":"unsafeView"}}]},{"efAssociativity":"infixl","efPrecedence":8,"efOperator":"^@?!","efAlias":[["Data","Lens","Fold","Partial"],{"Left":{"Ident":"unsafeIndexedFold"}}]}],"efTypeFixities":[],"efDeclarations":[{"EDValue":{"edValueName":{"Ident":"unsafeView"},"edValueType":{"tag":"ForAll","contents":["b",{"tag":"ForAll","contents":["a",{"tag":"ForAll","contents":["t",{"tag":"ForAll","contents":["s",{"tag":"ConstrainedType","contents":[{"constraintClass":[["Prim"],"Partial"],"constraintArgs":[],"constraintData":null},{"tag":"TypeApp","contents":[{"tag":"TypeApp","contents":[{"tag":"TypeConstructor","contents":[["Prim"],"Function"]},{"tag":"TypeVar","contents":"s"}]},{"tag":"TypeApp","contents":[{"tag":"TypeApp","contents":[{"tag":"TypeConstructor","contents":[["Prim"],"Function"]},{"tag":"TypeApp","contents":[{"tag":"TypeApp","contents":[{"tag":"TypeConstructor","contents":[["Prim"],"Function"]},{"tag":"TypeApp","contents":[{"tag":"TypeApp","contents":[{"tag":"TypeApp","contents":[{"tag":"TypeConstructor","contents":[["Data","Lens","Internal","Forget"],"Forget"]},{"tag":"TypeApp","contents":[{"tag":"TypeConstructor","contents":[["Data","Maybe","First"],"First"]},{"tag":"TypeVar","contents":"a"}]}]},{"tag":"TypeVar","contents":"a"}]},{"tag":"TypeVar","contents":"b"}]}]},{"tag":"TypeApp","contents":[{"tag":"TypeApp","contents":[{"tag":"TypeApp","contents":[{"tag":"TypeConstructor","contents":[["Data","Lens","Internal","Forget"],"Forget"]},{"tag":"TypeApp","contents":[{"tag":"TypeConstructor","contents":[["Data","Maybe","First"],"First"]},{"tag":"TypeVar","contents":"a"}]}]},{"tag":"TypeVar","contents":"s"}]},{"tag":"TypeVar","contents":"t"}]}]}]},{"tag":"TypeVar","contents":"a"}]}]}]},0]},1]},2]},3]}}},{"EDValue":{"edValueName":{"Ident":"unsafeIndexedFold"},"edValueType":{"tag":"ForAll","contents":["b",{"tag":"ForAll","contents":["a",{"tag":"ForAll","contents":["t",{"tag":"ForAll","contents":["s",{"tag":"ForAll","contents":["i",{"tag":"ConstrainedType","contents":[{"constraintClass":[["Prim"],"Partial"],"constraintArgs":[],"constraintData":null},{"tag":"TypeApp","contents":[{"tag":"TypeApp","contents":[{"tag":"TypeConstructor","contents":[["Prim"],"Function"]},{"tag":"TypeVar","contents":"s"}]},{"tag":"TypeApp","contents":[{"tag":"TypeApp","contents":[{"tag":"TypeConstructor","contents":[["Prim"],"Function"]},{"tag":"TypeApp","contents":[{"tag":"TypeApp","contents":[{"tag":"TypeConstructor","contents":[["Prim"],"Function"]},{"tag":"TypeApp","contents":[{"tag":"TypeApp","contents":[{"tag":"TypeApp","contents":[{"tag":"TypeApp","contents":[{"tag":"TypeConstructor","contents":[["Data","Lens","Internal","Indexed"],"Indexed"]},{"tag":"TypeApp","contents":[{"tag":"TypeConstructor","contents":[["Data","Lens","Internal","Forget"],"Forget"]},{"tag":"TypeApp","contents":[{"tag":"TypeConstructor","contents":[["Data","Maybe","First"],"First"]},{"tag":"TypeApp","contents":[{"tag":"TypeApp","contents":[{"tag":"TypeConstructor","contents":[["Data","Tuple"],"Tuple"]},{"tag":"TypeVar","contents":"i"}]},{"tag":"TypeVar","contents":"a"}]}]}]}]},{"tag":"TypeVar","contents":"i"}]},{"tag":"TypeVar","contents":"a"}]},{"tag":"TypeVar","contents":"b"}]}]},{"tag":"TypeApp","contents":[{"tag":"TypeApp","contents":[{"tag":"TypeApp","contents":[{"tag":"TypeConstructor","contents":[["Data","Lens","Internal","Forget"],"Forget"]},{"tag":"TypeApp","contents":[{"tag":"TypeConstructor","contents":[["Data","Maybe","First"],"First"]},{"tag":"TypeApp","contents":[{"tag":"TypeApp","contents":[{"tag":"TypeConstructor","contents":[["Data","Tuple"],"Tuple"]},{"tag":"TypeVar","contents":"i"}]},{"tag":"TypeVar","contents":"a"}]}]}]},{"tag":"TypeVar","contents":"s"}]},{"tag":"TypeVar","contents":"t"}]}]}]},{"tag":"TypeApp","contents":[{"tag":"TypeApp","contents":[{"tag":"TypeConstructor","contents":[["Data","Tuple"],"Tuple"]},{"tag":"TypeVar","contents":"i"}]},{"tag":"TypeVar","contents":"a"}]}]}]}]},8]},9]},10]},11]},12]}}}],"efSourceSpan":{"start":[1,1],"name":"C:\\Users\\Shashi\\juspay\\cube-rotation-narayan\\bower_components\\purescript-profunctor-lenses\\src\\Data\\Lens\\Fold\\Partial.purs","end":[31,31]}}