{"efVersion":"0.11.7","efModuleName":["Data","Lens","Iso","Newtype"],"efExports":[{"ValueRef":[{"start":[1,1],"name":"C:\\Users\\Shashi\\juspay\\cube-rotation-narayan\\bower_components\\purescript-profunctor-lenses\\src\\Data\\Lens\\Iso\\Newtype.purs","end":[7,23]},{"Ident":"_Newtype"}]}],"efImports":[{"eiModule":["Prim"],"eiImportType":{"Implicit":[]},"eiImportedAs":["Prim"]},{"eiModule":["Prim"],"eiImportType":{"Implicit":[]},"eiImportedAs":null},{"eiModule":["Data","Lens","Iso"],"eiImportType":{"Explicit":[{"TypeRef":[{"start":[3,23],"name":"C:\\Users\\Shashi\\juspay\\cube-rotation-narayan\\bower_components\\purescript-profunctor-lenses\\src\\Data\\Lens\\Iso\\Newtype.purs","end":[3,26]},"Iso",[]]},{"ValueRef":[{"start":[3,28],"name":"C:\\Users\\Shashi\\juspay\\cube-rotation-narayan\\bower_components\\purescript-profunctor-lenses\\src\\Data\\Lens\\Iso\\Newtype.purs","end":[3,31]},{"Ident":"iso"}]}]},"eiImportedAs":null},{"eiModule":["Data","Newtype"],"eiImportType":{"Explicit":[{"TypeClassRef":[{"start":[4,22],"name":"C:\\Users\\Shashi\\juspay\\cube-rotation-narayan\\bower_components\\purescript-profunctor-lenses\\src\\Data\\Lens\\Iso\\Newtype.purs","end":[4,35]},"Newtype"]},{"ValueRef":[{"start":[4,37],"name":"C:\\Users\\Shashi\\juspay\\cube-rotation-narayan\\bower_components\\purescript-profunctor-lenses\\src\\Data\\Lens\\Iso\\Newtype.purs","end":[4,41]},{"Ident":"wrap"}]},{"ValueRef":[{"start":[4,43],"name":"C:\\Users\\Shashi\\juspay\\cube-rotation-narayan\\bower_components\\purescript-profunctor-lenses\\src\\Data\\Lens\\Iso\\Newtype.purs","end":[4,49]},{"Ident":"unwrap"}]}]},"eiImportedAs":null}],"efFixities":[],"efTypeFixities":[],"efDeclarations":[{"EDValue":{"edValueName":{"Ident":"_Newtype"},"edValueType":{"tag":"ForAll","contents":["b",{"tag":"ForAll","contents":["s",{"tag":"ForAll","contents":["a",{"tag":"ForAll","contents":["t",{"tag":"ConstrainedType","contents":[{"constraintClass":[["Data","Newtype"],"Newtype"],"constraintArgs":[{"tag":"TypeVar","contents":"t"},{"tag":"TypeVar","contents":"a"}],"constraintData":null},{"tag":"ConstrainedType","contents":[{"constraintClass":[["Data","Newtype"],"Newtype"],"constraintArgs":[{"tag":"TypeVar","contents":"s"},{"tag":"TypeVar","contents":"b"}],"constraintData":null},{"tag":"ForAll","contents":["p",{"tag":"ConstrainedType","contents":[{"constraintClass":[["Data","Profunctor"],"Profunctor"],"constraintArgs":[{"tag":"TypeVar","contents":"p"}],"constraintData":null},{"tag":"TypeApp","contents":[{"tag":"TypeApp","contents":[{"tag":"TypeConstructor","contents":[["Prim"],"Function"]},{"tag":"TypeApp","contents":[{"tag":"TypeApp","contents":[{"tag":"TypeVar","contents":"p"},{"tag":"TypeVar","contents":"a"}]},{"tag":"TypeVar","contents":"b"}]}]},{"tag":"TypeApp","contents":[{"tag":"TypeApp","contents":[{"tag":"TypeVar","contents":"p"},{"tag":"TypeVar","contents":"t"}]},{"tag":"TypeVar","contents":"s"}]}]}]},0]}]}]},1]},2]},3]},4]}}}],"efSourceSpan":{"start":[1,1],"name":"C:\\Users\\Shashi\\juspay\\cube-rotation-narayan\\bower_components\\purescript-profunctor-lenses\\src\\Data\\Lens\\Iso\\Newtype.purs","end":[7,23]}}