{"efVersion":"0.11.7","efModuleName":["Data","Map"],"efExports":[{"TypeRef":[{"start":[1,1],"name":"C:\\Users\\Shashi\\juspay\\cube-rotation-narayan\\bower_components\\purescript-maps\\src\\Data\\Map.purs","end":[642,42]},"Map",[]]},{"ValueRef":[{"start":[1,1],"name":"C:\\Users\\Shashi\\juspay\\cube-rotation-narayan\\bower_components\\purescript-maps\\src\\Data\\Map.purs","end":[642,42]},{"Ident":"showTree"}]},{"ValueRef":[{"start":[1,1],"name":"C:\\Users\\Shashi\\juspay\\cube-rotation-narayan\\bower_components\\purescript-maps\\src\\Data\\Map.purs","end":[642,42]},{"Ident":"empty"}]},{"ValueRef":[{"start":[1,1],"name":"C:\\Users\\Shashi\\juspay\\cube-rotation-narayan\\bower_components\\purescript-maps\\src\\Data\\Map.purs","end":[642,42]},{"Ident":"isEmpty"}]},{"ValueRef":[{"start":[1,1],"name":"C:\\Users\\Shashi\\juspay\\cube-rotation-narayan\\bower_components\\purescript-maps\\src\\Data\\Map.purs","end":[642,42]},{"Ident":"singleton"}]},{"ValueRef":[{"start":[1,1],"name":"C:\\Users\\Shashi\\juspay\\cube-rotation-narayan\\bower_components\\purescript-maps\\src\\Data\\Map.purs","end":[642,42]},{"Ident":"checkValid"}]},{"ValueRef":[{"start":[1,1],"name":"C:\\Users\\Shashi\\juspay\\cube-rotation-narayan\\bower_components\\purescript-maps\\src\\Data\\Map.purs","end":[642,42]},{"Ident":"insert"}]},{"ValueRef":[{"start":[1,1],"name":"C:\\Users\\Shashi\\juspay\\cube-rotation-narayan\\bower_components\\purescript-maps\\src\\Data\\Map.purs","end":[642,42]},{"Ident":"lookup"}]},{"ValueRef":[{"start":[1,1],"name":"C:\\Users\\Shashi\\juspay\\cube-rotation-narayan\\bower_components\\purescript-maps\\src\\Data\\Map.purs","end":[642,42]},{"Ident":"lookupLE"}]},{"ValueRef":[{"start":[1,1],"name":"C:\\Users\\Shashi\\juspay\\cube-rotation-narayan\\bower_components\\purescript-maps\\src\\Data\\Map.purs","end":[642,42]},{"Ident":"lookupLT"}]},{"ValueRef":[{"start":[1,1],"name":"C:\\Users\\Shashi\\juspay\\cube-rotation-narayan\\bower_components\\purescript-maps\\src\\Data\\Map.purs","end":[642,42]},{"Ident":"lookupGE"}]},{"ValueRef":[{"start":[1,1],"name":"C:\\Users\\Shashi\\juspay\\cube-rotation-narayan\\bower_components\\purescript-maps\\src\\Data\\Map.purs","end":[642,42]},{"Ident":"lookupGT"}]},{"ValueRef":[{"start":[1,1],"name":"C:\\Users\\Shashi\\juspay\\cube-rotation-narayan\\bower_components\\purescript-maps\\src\\Data\\Map.purs","end":[642,42]},{"Ident":"findMin"}]},{"ValueRef":[{"start":[1,1],"name":"C:\\Users\\Shashi\\juspay\\cube-rotation-narayan\\bower_components\\purescript-maps\\src\\Data\\Map.purs","end":[642,42]},{"Ident":"findMax"}]},{"ValueRef":[{"start":[1,1],"name":"C:\\Users\\Shashi\\juspay\\cube-rotation-narayan\\bower_components\\purescript-maps\\src\\Data\\Map.purs","end":[642,42]},{"Ident":"foldSubmap"}]},{"ValueRef":[{"start":[1,1],"name":"C:\\Users\\Shashi\\juspay\\cube-rotation-narayan\\bower_components\\purescript-maps\\src\\Data\\Map.purs","end":[642,42]},{"Ident":"submap"}]},{"ValueRef":[{"start":[1,1],"name":"C:\\Users\\Shashi\\juspay\\cube-rotation-narayan\\bower_components\\purescript-maps\\src\\Data\\Map.purs","end":[642,42]},{"Ident":"fromFoldable"}]},{"ValueRef":[{"start":[1,1],"name":"C:\\Users\\Shashi\\juspay\\cube-rotation-narayan\\bower_components\\purescript-maps\\src\\Data\\Map.purs","end":[642,42]},{"Ident":"fromFoldableWith"}]},{"ValueRef":[{"start":[1,1],"name":"C:\\Users\\Shashi\\juspay\\cube-rotation-narayan\\bower_components\\purescript-maps\\src\\Data\\Map.purs","end":[642,42]},{"Ident":"toUnfoldable"}]},{"ValueRef":[{"start":[1,1],"name":"C:\\Users\\Shashi\\juspay\\cube-rotation-narayan\\bower_components\\purescript-maps\\src\\Data\\Map.purs","end":[642,42]},{"Ident":"toAscUnfoldable"}]},{"ValueRef":[{"start":[1,1],"name":"C:\\Users\\Shashi\\juspay\\cube-rotation-narayan\\bower_components\\purescript-maps\\src\\Data\\Map.purs","end":[642,42]},{"Ident":"delete"}]},{"ValueRef":[{"start":[1,1],"name":"C:\\Users\\Shashi\\juspay\\cube-rotation-narayan\\bower_components\\purescript-maps\\src\\Data\\Map.purs","end":[642,42]},{"Ident":"pop"}]},{"ValueRef":[{"start":[1,1],"name":"C:\\Users\\Shashi\\juspay\\cube-rotation-narayan\\bower_components\\purescript-maps\\src\\Data\\Map.purs","end":[642,42]},{"Ident":"member"}]},{"ValueRef":[{"start":[1,1],"name":"C:\\Users\\Shashi\\juspay\\cube-rotation-narayan\\bower_components\\purescript-maps\\src\\Data\\Map.purs","end":[642,42]},{"Ident":"alter"}]},{"ValueRef":[{"start":[1,1],"name":"C:\\Users\\Shashi\\juspay\\cube-rotation-narayan\\bower_components\\purescript-maps\\src\\Data\\Map.purs","end":[642,42]},{"Ident":"update"}]},{"ValueRef":[{"start":[1,1],"name":"C:\\Users\\Shashi\\juspay\\cube-rotation-narayan\\bower_components\\purescript-maps\\src\\Data\\Map.purs","end":[642,42]},{"Ident":"keys"}]},{"ValueRef":[{"start":[1,1],"name":"C:\\Users\\Shashi\\juspay\\cube-rotation-narayan\\bower_components\\purescript-maps\\src\\Data\\Map.purs","end":[642,42]},{"Ident":"values"}]},{"ValueRef":[{"start":[1,1],"name":"C:\\Users\\Shashi\\juspay\\cube-rotation-narayan\\bower_components\\purescript-maps\\src\\Data\\Map.purs","end":[642,42]},{"Ident":"union"}]},{"ValueRef":[{"start":[1,1],"name":"C:\\Users\\Shashi\\juspay\\cube-rotation-narayan\\bower_components\\purescript-maps\\src\\Data\\Map.purs","end":[642,42]},{"Ident":"unionWith"}]},{"ValueRef":[{"start":[1,1],"name":"C:\\Users\\Shashi\\juspay\\cube-rotation-narayan\\bower_components\\purescript-maps\\src\\Data\\Map.purs","end":[642,42]},{"Ident":"unions"}]},{"ValueRef":[{"start":[1,1],"name":"C:\\Users\\Shashi\\juspay\\cube-rotation-narayan\\bower_components\\purescript-maps\\src\\Data\\Map.purs","end":[642,42]},{"Ident":"isSubmap"}]},{"ValueRef":[{"start":[1,1],"name":"C:\\Users\\Shashi\\juspay\\cube-rotation-narayan\\bower_components\\purescript-maps\\src\\Data\\Map.purs","end":[642,42]},{"Ident":"size"}]},{"ValueRef":[{"start":[1,1],"name":"C:\\Users\\Shashi\\juspay\\cube-rotation-narayan\\bower_components\\purescript-maps\\src\\Data\\Map.purs","end":[642,42]},{"Ident":"mapWithKey"}]},{"ValueRef":[{"start":[1,1],"name":"C:\\Users\\Shashi\\juspay\\cube-rotation-narayan\\bower_components\\purescript-maps\\src\\Data\\Map.purs","end":[642,42]},{"Ident":"filterWithKey"}]},{"ValueRef":[{"start":[1,1],"name":"C:\\Users\\Shashi\\juspay\\cube-rotation-narayan\\bower_components\\purescript-maps\\src\\Data\\Map.purs","end":[642,42]},{"Ident":"filterKeys"}]},{"ValueRef":[{"start":[1,1],"name":"C:\\Users\\Shashi\\juspay\\cube-rotation-narayan\\bower_components\\purescript-maps\\src\\Data\\Map.purs","end":[642,42]},{"Ident":"filter"}]},{"TypeInstanceRef":[{"start":[0,0],"name":"<generated>","end":[0,0]},{"Ident":"eq1Map"}]},{"TypeInstanceRef":[{"start":[0,0],"name":"<generated>","end":[0,0]},{"Ident":"eqMap"}]},{"TypeInstanceRef":[{"start":[0,0],"name":"<generated>","end":[0,0]},{"Ident":"ord1Map"}]},{"TypeInstanceRef":[{"start":[0,0],"name":"<generated>","end":[0,0]},{"Ident":"ordMap"}]},{"TypeInstanceRef":[{"start":[0,0],"name":"<generated>","end":[0,0]},{"Ident":"showMap"}]},{"TypeInstanceRef":[{"start":[0,0],"name":"<generated>","end":[0,0]},{"Ident":"semigroupMap"}]},{"TypeInstanceRef":[{"start":[0,0],"name":"<generated>","end":[0,0]},{"Ident":"monoidMap"}]},{"TypeInstanceRef":[{"start":[0,0],"name":"<generated>","end":[0,0]},{"Ident":"functorMap"}]},{"TypeInstanceRef":[{"start":[0,0],"name":"<generated>","end":[0,0]},{"Ident":"functorWithIndexMap"}]},{"TypeInstanceRef":[{"start":[0,0],"name":"<generated>","end":[0,0]},{"Ident":"foldableMap"}]},{"TypeInstanceRef":[{"start":[0,0],"name":"<generated>","end":[0,0]},{"Ident":"foldableWithIndexMap"}]},{"TypeInstanceRef":[{"start":[0,0],"name":"<generated>","end":[0,0]},{"Ident":"traversableMap"}]},{"TypeInstanceRef":[{"start":[0,0],"name":"<generated>","end":[0,0]},{"Ident":"traversableWithIndexMap"}]}],"efImports":[{"eiModule":["Prim"],"eiImportType":{"Implicit":[]},"eiImportedAs":["Prim"]},{"eiModule":["Prim"],"eiImportType":{"Implicit":[]},"eiImportedAs":null},{"eiModule":["Prelude"],"eiImportType":{"Implicit":[]},"eiImportedAs":null},{"eiModule":["Data","Eq"],"eiImportType":{"Explicit":[{"TypeClassRef":[{"start":[45,17],"name":"C:\\Users\\Shashi\\juspay\\cube-rotation-narayan\\bower_components\\purescript-maps\\src\\Data\\Map.purs","end":[45,26]},"Eq1"]}]},"eiImportedAs":null},{"eiModule":["Data","Foldable"],"eiImportType":{"Explicit":[{"ValueRef":[{"start":[46,23],"name":"C:\\Users\\Shashi\\juspay\\cube-rotation-narayan\\bower_components\\purescript-maps\\src\\Data\\Map.purs","end":[46,28]},{"Ident":"foldl"}]},{"ValueRef":[{"start":[46,30],"name":"C:\\Users\\Shashi\\juspay\\cube-rotation-narayan\\bower_components\\purescript-maps\\src\\Data\\Map.purs","end":[46,37]},{"Ident":"foldMap"}]},{"ValueRef":[{"start":[46,39],"name":"C:\\Users\\Shashi\\juspay\\cube-rotation-narayan\\bower_components\\purescript-maps\\src\\Data\\Map.purs","end":[46,44]},{"Ident":"foldr"}]},{"TypeClassRef":[{"start":[46,46],"name":"C:\\Users\\Shashi\\juspay\\cube-rotation-narayan\\bower_components\\purescript-maps\\src\\Data\\Map.purs","end":[46,60]},"Foldable"]}]},"eiImportedAs":null},{"eiModule":["Data","FoldableWithIndex"],"eiImportType":{"Explicit":[{"TypeClassRef":[{"start":[47,32],"name":"C:\\Users\\Shashi\\juspay\\cube-rotation-narayan\\bower_components\\purescript-maps\\src\\Data\\Map.purs","end":[47,55]},"FoldableWithIndex"]}]},"eiImportedAs":null},{"eiModule":["Data","FunctorWithIndex"],"eiImportType":{"Explicit":[{"TypeClassRef":[{"start":[48,31],"name":"C:\\Users\\Shashi\\juspay\\cube-rotation-narayan\\bower_components\\purescript-maps\\src\\Data\\Map.purs","end":[48,53]},"FunctorWithIndex"]},{"ValueRef":[{"start":[48,55],"name":"C:\\Users\\Shashi\\juspay\\cube-rotation-narayan\\bower_components\\purescript-maps\\src\\Data\\Map.purs","end":[48,67]},{"Ident":"mapWithIndex"}]}]},"eiImportedAs":null},{"eiModule":["Data","List"],"eiImportType":{"Explicit":[{"TypeRef":[{"start":[49,19],"name":"C:\\Users\\Shashi\\juspay\\cube-rotation-narayan\\bower_components\\purescript-maps\\src\\Data\\Map.purs","end":[49,27]},"List",null]},{"ValueOpRef":[{"start":[49,29],"name":"C:\\Users\\Shashi\\juspay\\cube-rotation-narayan\\bower_components\\purescript-maps\\src\\Data\\Map.purs","end":[49,32]},":"]},{"ValueRef":[{"start":[49,34],"name":"C:\\Users\\Shashi\\juspay\\cube-rotation-narayan\\bower_components\\purescript-maps\\src\\Data\\Map.purs","end":[49,40]},{"Ident":"length"}]},{"ValueRef":[{"start":[49,42],"name":"C:\\Users\\Shashi\\juspay\\cube-rotation-narayan\\bower_components\\purescript-maps\\src\\Data\\Map.purs","end":[49,45]},{"Ident":"nub"}]}]},"eiImportedAs":null},{"eiModule":["Data","List","Lazy"],"eiImportType":{"Implicit":[]},"eiImportedAs":["LL"]},{"eiModule":["Data","Maybe"],"eiImportType":{"Explicit":[{"TypeRef":[{"start":[51,20],"name":"C:\\Users\\Shashi\\juspay\\cube-rotation-narayan\\bower_components\\purescript-maps\\src\\Data\\Map.purs","end":[51,29]},"Maybe",null]},{"ValueRef":[{"start":[51,31],"name":"C:\\Users\\Shashi\\juspay\\cube-rotation-narayan\\bower_components\\purescript-maps\\src\\Data\\Map.purs","end":[51,36]},{"Ident":"maybe"}]},{"ValueRef":[{"start":[51,38],"name":"C:\\Users\\Shashi\\juspay\\cube-rotation-narayan\\bower_components\\purescript-maps\\src\\Data\\Map.purs","end":[51,44]},{"Ident":"isJust"}]},{"ValueRef":[{"start":[51,46],"name":"C:\\Users\\Shashi\\juspay\\cube-rotation-narayan\\bower_components\\purescript-maps\\src\\Data\\Map.purs","end":[51,55]},{"Ident":"fromMaybe"}]}]},"eiImportedAs":null},{"eiModule":["Data","Monoid"],"eiImportType":{"Explicit":[{"TypeClassRef":[{"start":[52,21],"name":"C:\\Users\\Shashi\\juspay\\cube-rotation-narayan\\bower_components\\purescript-maps\\src\\Data\\Map.purs","end":[52,33]},"Monoid"]},{"ValueRef":[{"start":[52,35],"name":"C:\\Users\\Shashi\\juspay\\cube-rotation-narayan\\bower_components\\purescript-maps\\src\\Data\\Map.purs","end":[52,41]},{"Ident":"mempty"}]}]},"eiImportedAs":null},{"eiModule":["Data","Ord"],"eiImportType":{"Explicit":[{"TypeClassRef":[{"start":[53,18],"name":"C:\\Users\\Shashi\\juspay\\cube-rotation-narayan\\bower_components\\purescript-maps\\src\\Data\\Map.purs","end":[53,28]},"Ord1"]}]},"eiImportedAs":null},{"eiModule":["Data","Traversable"],"eiImportType":{"Explicit":[{"ValueRef":[{"start":[54,26],"name":"C:\\Users\\Shashi\\juspay\\cube-rotation-narayan\\bower_components\\purescript-maps\\src\\Data\\Map.purs","end":[54,34]},{"Ident":"traverse"}]},{"TypeClassRef":[{"start":[54,36],"name":"C:\\Users\\Shashi\\juspay\\cube-rotation-narayan\\bower_components\\purescript-maps\\src\\Data\\Map.purs","end":[54,53]},"Traversable"]}]},"eiImportedAs":null},{"eiModule":["Data","TraversableWithIndex"],"eiImportType":{"Explicit":[{"TypeClassRef":[{"start":[55,35],"name":"C:\\Users\\Shashi\\juspay\\cube-rotation-narayan\\bower_components\\purescript-maps\\src\\Data\\Map.purs","end":[55,61]},"TraversableWithIndex"]},{"ValueRef":[{"start":[55,63],"name":"C:\\Users\\Shashi\\juspay\\cube-rotation-narayan\\bower_components\\purescript-maps\\src\\Data\\Map.purs","end":[55,80]},{"Ident":"traverseWithIndex"}]}]},"eiImportedAs":null},{"eiModule":["Data","Tuple"],"eiImportType":{"Explicit":[{"TypeRef":[{"start":[56,20],"name":"C:\\Users\\Shashi\\juspay\\cube-rotation-narayan\\bower_components\\purescript-maps\\src\\Data\\Map.purs","end":[56,32]},"Tuple",["Tuple"]]},{"ValueRef":[{"start":[56,34],"name":"C:\\Users\\Shashi\\juspay\\cube-rotation-narayan\\bower_components\\purescript-maps\\src\\Data\\Map.purs","end":[56,37]},{"Ident":"snd"}]},{"ValueRef":[{"start":[56,39],"name":"C:\\Users\\Shashi\\juspay\\cube-rotation-narayan\\bower_components\\purescript-maps\\src\\Data\\Map.purs","end":[56,46]},{"Ident":"uncurry"}]}]},"eiImportedAs":null},{"eiModule":["Data","Unfoldable"],"eiImportType":{"Explicit":[{"TypeClassRef":[{"start":[57,25],"name":"C:\\Users\\Shashi\\juspay\\cube-rotation-narayan\\bower_components\\purescript-maps\\src\\Data\\Map.purs","end":[57,41]},"Unfoldable"]},{"ValueRef":[{"start":[57,43],"name":"C:\\Users\\Shashi\\juspay\\cube-rotation-narayan\\bower_components\\purescript-maps\\src\\Data\\Map.purs","end":[57,50]},{"Ident":"unfoldr"}]}]},"eiImportedAs":null},{"eiModule":["Partial","Unsafe"],"eiImportType":{"Explicit":[{"ValueRef":[{"start":[58,24],"name":"C:\\Users\\Shashi\\juspay\\cube-rotation-narayan\\bower_components\\purescript-maps\\src\\Data\\Map.purs","end":[58,37]},{"Ident":"unsafePartial"}]}]},"eiImportedAs":null}],"efFixities":[],"efTypeFixities":[],"efDeclarations":[{"EDType":{"edTypeName":"Map","edTypeKind":{"tag":"FunKind","contents":[{"tag":"NamedKind","contents":[["Prim"],"Type"]},{"tag":"FunKind","contents":[{"tag":"NamedKind","contents":[["Prim"],"Type"]},{"tag":"NamedKind","contents":[["Prim"],"Type"]}]}]},"edTypeDeclarationKind":{"DataType":{"args":[["k",{"tag":"NamedKind","contents":[["Prim"],"Type"]}],["v",{"tag":"NamedKind","contents":[["Prim"],"Type"]}]],"ctors":[["Leaf",[]],["Two",[{"tag":"TypeApp","contents":[{"tag":"TypeApp","contents":[{"tag":"TypeConstructor","contents":[["Data","Map"],"Map"]},{"tag":"TypeVar","contents":"k"}]},{"tag":"TypeVar","contents":"v"}]},{"tag":"TypeVar","contents":"k"},{"tag":"TypeVar","contents":"v"},{"tag":"TypeApp","contents":[{"tag":"TypeApp","contents":[{"tag":"TypeConstructor","contents":[["Data","Map"],"Map"]},{"tag":"TypeVar","contents":"k"}]},{"tag":"TypeVar","contents":"v"}]}]],["Three",[{"tag":"TypeApp","contents":[{"tag":"TypeApp","contents":[{"tag":"TypeConstructor","contents":[["Data","Map"],"Map"]},{"tag":"TypeVar","contents":"k"}]},{"tag":"TypeVar","contents":"v"}]},{"tag":"TypeVar","contents":"k"},{"tag":"TypeVar","contents":"v"},{"tag":"TypeApp","contents":[{"tag":"TypeApp","contents":[{"tag":"TypeConstructor","contents":[["Data","Map"],"Map"]},{"tag":"TypeVar","contents":"k"}]},{"tag":"TypeVar","contents":"v"}]},{"tag":"TypeVar","contents":"k"},{"tag":"TypeVar","contents":"v"},{"tag":"TypeApp","contents":[{"tag":"TypeApp","contents":[{"tag":"TypeConstructor","contents":[["Data","Map"],"Map"]},{"tag":"TypeVar","contents":"k"}]},{"tag":"TypeVar","contents":"v"}]}]]]}}}},{"EDValue":{"edValueName":{"Ident":"showTree"},"edValueType":{"tag":"ForAll","contents":["v",{"tag":"ForAll","contents":["k",{"tag":"ConstrainedType","contents":[{"constraintClass":[["Data","Show"],"Show"],"constraintArgs":[{"tag":"TypeVar","contents":"k"}],"constraintData":null},{"tag":"ConstrainedType","contents":[{"constraintClass":[["Data","Show"],"Show"],"constraintArgs":[{"tag":"TypeVar","contents":"v"}],"constraintData":null},{"tag":"TypeApp","contents":[{"tag":"TypeApp","contents":[{"tag":"TypeConstructor","contents":[["Prim"],"Function"]},{"tag":"TypeApp","contents":[{"tag":"TypeApp","contents":[{"tag":"TypeConstructor","contents":[["Data","Map"],"Map"]},{"tag":"TypeVar","contents":"k"}]},{"tag":"TypeVar","contents":"v"}]}]},{"tag":"TypeConstructor","contents":[["Prim"],"String"]}]}]}]},124]},125]}}},{"EDValue":{"edValueName":{"Ident":"empty"},"edValueType":{"tag":"ForAll","contents":["v",{"tag":"ForAll","contents":["k",{"tag":"TypeApp","contents":[{"tag":"TypeApp","contents":[{"tag":"TypeConstructor","contents":[["Data","Map"],"Map"]},{"tag":"TypeVar","contents":"k"}]},{"tag":"TypeVar","contents":"v"}]},369]},370]}}},{"EDValue":{"edValueName":{"Ident":"isEmpty"},"edValueType":{"tag":"ForAll","contents":["v",{"tag":"ForAll","contents":["k",{"tag":"TypeApp","contents":[{"tag":"TypeApp","contents":[{"tag":"TypeConstructor","contents":[["Prim"],"Function"]},{"tag":"TypeApp","contents":[{"tag":"TypeApp","contents":[{"tag":"TypeConstructor","contents":[["Data","Map"],"Map"]},{"tag":"TypeVar","contents":"k"}]},{"tag":"TypeVar","contents":"v"}]}]},{"tag":"TypeConstructor","contents":[["Prim"],"Boolean"]}]},213]},214]}}},{"EDValue":{"edValueName":{"Ident":"singleton"},"edValueType":{"tag":"ForAll","contents":["v",{"tag":"ForAll","contents":["k",{"tag":"TypeApp","contents":[{"tag":"TypeApp","contents":[{"tag":"TypeConstructor","contents":[["Prim"],"Function"]},{"tag":"TypeVar","contents":"k"}]},{"tag":"TypeApp","contents":[{"tag":"TypeApp","contents":[{"tag":"TypeConstructor","contents":[["Prim"],"Function"]},{"tag":"TypeVar","contents":"v"}]},{"tag":"TypeApp","contents":[{"tag":"TypeApp","contents":[{"tag":"TypeConstructor","contents":[["Data","Map"],"Map"]},{"tag":"TypeVar","contents":"k"}]},{"tag":"TypeVar","contents":"v"}]}]}]},94]},95]}}},{"EDValue":{"edValueName":{"Ident":"checkValid"},"edValueType":{"tag":"ForAll","contents":["v",{"tag":"ForAll","contents":["k",{"tag":"TypeApp","contents":[{"tag":"TypeApp","contents":[{"tag":"TypeConstructor","contents":[["Prim"],"Function"]},{"tag":"TypeApp","contents":[{"tag":"TypeApp","contents":[{"tag":"TypeConstructor","contents":[["Data","Map"],"Map"]},{"tag":"TypeVar","contents":"k"}]},{"tag":"TypeVar","contents":"v"}]}]},{"tag":"TypeConstructor","contents":[["Prim"],"Boolean"]}]},401]},402]}}},{"EDValue":{"edValueName":{"Ident":"insert"},"edValueType":{"tag":"ForAll","contents":["v",{"tag":"ForAll","contents":["k",{"tag":"ConstrainedType","contents":[{"constraintClass":[["Data","Ord"],"Ord"],"constraintArgs":[{"tag":"TypeVar","contents":"k"}],"constraintData":null},{"tag":"TypeApp","contents":[{"tag":"TypeApp","contents":[{"tag":"TypeConstructor","contents":[["Prim"],"Function"]},{"tag":"TypeVar","contents":"k"}]},{"tag":"TypeApp","contents":[{"tag":"TypeApp","contents":[{"tag":"TypeConstructor","contents":[["Prim"],"Function"]},{"tag":"TypeVar","contents":"v"}]},{"tag":"TypeApp","contents":[{"tag":"TypeApp","contents":[{"tag":"TypeConstructor","contents":[["Prim"],"Function"]},{"tag":"TypeApp","contents":[{"tag":"TypeApp","contents":[{"tag":"TypeConstructor","contents":[["Data","Map"],"Map"]},{"tag":"TypeVar","contents":"k"}]},{"tag":"TypeVar","contents":"v"}]}]},{"tag":"TypeApp","contents":[{"tag":"TypeApp","contents":[{"tag":"TypeConstructor","contents":[["Data","Map"],"Map"]},{"tag":"TypeVar","contents":"k"}]},{"tag":"TypeVar","contents":"v"}]}]}]}]}]},249]},250]}}},{"EDValue":{"edValueName":{"Ident":"lookup"},"edValueType":{"tag":"ForAll","contents":["v",{"tag":"ForAll","contents":["k",{"tag":"ConstrainedType","contents":[{"constraintClass":[["Data","Ord"],"Ord"],"constraintArgs":[{"tag":"TypeVar","contents":"k"}],"constraintData":null},{"tag":"TypeApp","contents":[{"tag":"TypeApp","contents":[{"tag":"TypeConstructor","contents":[["Prim"],"Function"]},{"tag":"TypeVar","contents":"k"}]},{"tag":"TypeApp","contents":[{"tag":"TypeApp","contents":[{"tag":"TypeConstructor","contents":[["Prim"],"Function"]},{"tag":"TypeApp","contents":[{"tag":"TypeApp","contents":[{"tag":"TypeConstructor","contents":[["Data","Map"],"Map"]},{"tag":"TypeVar","contents":"k"}]},{"tag":"TypeVar","contents":"v"}]}]},{"tag":"TypeApp","contents":[{"tag":"TypeConstructor","contents":[["Data","Maybe"],"Maybe"]},{"tag":"TypeVar","contents":"v"}]}]}]}]},186]},187]}}},{"EDValue":{"edValueName":{"Ident":"lookupLE"},"edValueType":{"tag":"ForAll","contents":["v",{"tag":"ForAll","contents":["k",{"tag":"ConstrainedType","contents":[{"constraintClass":[["Data","Ord"],"Ord"],"constraintArgs":[{"tag":"TypeVar","contents":"k"}],"constraintData":null},{"tag":"TypeApp","contents":[{"tag":"TypeApp","contents":[{"tag":"TypeConstructor","contents":[["Prim"],"Function"]},{"tag":"TypeVar","contents":"k"}]},{"tag":"TypeApp","contents":[{"tag":"TypeApp","contents":[{"tag":"TypeConstructor","contents":[["Prim"],"Function"]},{"tag":"TypeApp","contents":[{"tag":"TypeApp","contents":[{"tag":"TypeConstructor","contents":[["Data","Map"],"Map"]},{"tag":"TypeVar","contents":"k"}]},{"tag":"TypeVar","contents":"v"}]}]},{"tag":"TypeApp","contents":[{"tag":"TypeConstructor","contents":[["Data","Maybe"],"Maybe"]},{"tag":"TypeApp","contents":[{"tag":"TypeConstructor","contents":[["Prim"],"Record"]},{"tag":"RCons","contents":["key",{"tag":"TypeVar","contents":"k"},{"tag":"RCons","contents":["value",{"tag":"TypeVar","contents":"v"},{"tag":"REmpty"}]}]}]}]}]}]}]},174]},175]}}},{"EDValue":{"edValueName":{"Ident":"lookupLT"},"edValueType":{"tag":"ForAll","contents":["v",{"tag":"ForAll","contents":["k",{"tag":"ConstrainedType","contents":[{"constraintClass":[["Data","Ord"],"Ord"],"constraintArgs":[{"tag":"TypeVar","contents":"k"}],"constraintData":null},{"tag":"TypeApp","contents":[{"tag":"TypeApp","contents":[{"tag":"TypeConstructor","contents":[["Prim"],"Function"]},{"tag":"TypeVar","contents":"k"}]},{"tag":"TypeApp","contents":[{"tag":"TypeApp","contents":[{"tag":"TypeConstructor","contents":[["Prim"],"Function"]},{"tag":"TypeApp","contents":[{"tag":"TypeApp","contents":[{"tag":"TypeConstructor","contents":[["Data","Map"],"Map"]},{"tag":"TypeVar","contents":"k"}]},{"tag":"TypeVar","contents":"v"}]}]},{"tag":"TypeApp","contents":[{"tag":"TypeConstructor","contents":[["Data","Maybe"],"Maybe"]},{"tag":"TypeApp","contents":[{"tag":"TypeConstructor","contents":[["Prim"],"Record"]},{"tag":"RCons","contents":["key",{"tag":"TypeVar","contents":"k"},{"tag":"RCons","contents":["value",{"tag":"TypeVar","contents":"v"},{"tag":"REmpty"}]}]}]}]}]}]}]},355]},356]}}},{"EDValue":{"edValueName":{"Ident":"lookupGE"},"edValueType":{"tag":"ForAll","contents":["v",{"tag":"ForAll","contents":["k",{"tag":"ConstrainedType","contents":[{"constraintClass":[["Data","Ord"],"Ord"],"constraintArgs":[{"tag":"TypeVar","contents":"k"}],"constraintData":null},{"tag":"TypeApp","contents":[{"tag":"TypeApp","contents":[{"tag":"TypeConstructor","contents":[["Prim"],"Function"]},{"tag":"TypeVar","contents":"k"}]},{"tag":"TypeApp","contents":[{"tag":"TypeApp","contents":[{"tag":"TypeConstructor","contents":[["Prim"],"Function"]},{"tag":"TypeApp","contents":[{"tag":"TypeApp","contents":[{"tag":"TypeConstructor","contents":[["Data","Map"],"Map"]},{"tag":"TypeVar","contents":"k"}]},{"tag":"TypeVar","contents":"v"}]}]},{"tag":"TypeApp","contents":[{"tag":"TypeConstructor","contents":[["Data","Maybe"],"Maybe"]},{"tag":"TypeApp","contents":[{"tag":"TypeConstructor","contents":[["Prim"],"Record"]},{"tag":"RCons","contents":["key",{"tag":"TypeVar","contents":"k"},{"tag":"RCons","contents":["value",{"tag":"TypeVar","contents":"v"},{"tag":"REmpty"}]}]}]}]}]}]}]},180]},181]}}},{"EDValue":{"edValueName":{"Ident":"lookupGT"},"edValueType":{"tag":"ForAll","contents":["v",{"tag":"ForAll","contents":["k",{"tag":"ConstrainedType","contents":[{"constraintClass":[["Data","Ord"],"Ord"],"constraintArgs":[{"tag":"TypeVar","contents":"k"}],"constraintData":null},{"tag":"TypeApp","contents":[{"tag":"TypeApp","contents":[{"tag":"TypeConstructor","contents":[["Prim"],"Function"]},{"tag":"TypeVar","contents":"k"}]},{"tag":"TypeApp","contents":[{"tag":"TypeApp","contents":[{"tag":"TypeConstructor","contents":[["Prim"],"Function"]},{"tag":"TypeApp","contents":[{"tag":"TypeApp","contents":[{"tag":"TypeConstructor","contents":[["Data","Map"],"Map"]},{"tag":"TypeVar","contents":"k"}]},{"tag":"TypeVar","contents":"v"}]}]},{"tag":"TypeApp","contents":[{"tag":"TypeConstructor","contents":[["Data","Maybe"],"Maybe"]},{"tag":"TypeApp","contents":[{"tag":"TypeConstructor","contents":[["Prim"],"Record"]},{"tag":"RCons","contents":["key",{"tag":"TypeVar","contents":"k"},{"tag":"RCons","contents":["value",{"tag":"TypeVar","contents":"v"},{"tag":"REmpty"}]}]}]}]}]}]}]},344]},345]}}},{"EDValue":{"edValueName":{"Ident":"findMin"},"edValueType":{"tag":"ForAll","contents":["v",{"tag":"ForAll","contents":["k",{"tag":"TypeApp","contents":[{"tag":"TypeApp","contents":[{"tag":"TypeConstructor","contents":[["Prim"],"Function"]},{"tag":"TypeApp","contents":[{"tag":"TypeApp","contents":[{"tag":"TypeConstructor","contents":[["Data","Map"],"Map"]},{"tag":"TypeVar","contents":"k"}]},{"tag":"TypeVar","contents":"v"}]}]},{"tag":"TypeApp","contents":[{"tag":"TypeConstructor","contents":[["Data","Maybe"],"Maybe"]},{"tag":"TypeApp","contents":[{"tag":"TypeConstructor","contents":[["Prim"],"Record"]},{"tag":"RCons","contents":["key",{"tag":"TypeVar","contents":"k"},{"tag":"RCons","contents":["value",{"tag":"TypeVar","contents":"v"},{"tag":"REmpty"}]}]}]}]}]},339]},340]}}},{"EDValue":{"edValueName":{"Ident":"findMax"},"edValueType":{"tag":"ForAll","contents":["v",{"tag":"ForAll","contents":["k",{"tag":"TypeApp","contents":[{"tag":"TypeApp","contents":[{"tag":"TypeConstructor","contents":[["Prim"],"Function"]},{"tag":"TypeApp","contents":[{"tag":"TypeApp","contents":[{"tag":"TypeConstructor","contents":[["Data","Map"],"Map"]},{"tag":"TypeVar","contents":"k"}]},{"tag":"TypeVar","contents":"v"}]}]},{"tag":"TypeApp","contents":[{"tag":"TypeConstructor","contents":[["Data","Maybe"],"Maybe"]},{"tag":"TypeApp","contents":[{"tag":"TypeConstructor","contents":[["Prim"],"Record"]},{"tag":"RCons","contents":["key",{"tag":"TypeVar","contents":"k"},{"tag":"RCons","contents":["value",{"tag":"TypeVar","contents":"v"},{"tag":"REmpty"}]}]}]}]}]},350]},351]}}},{"EDValue":{"edValueName":{"Ident":"foldSubmap"},"edValueType":{"tag":"ForAll","contents":["m",{"tag":"ForAll","contents":["v",{"tag":"ForAll","contents":["k",{"tag":"ConstrainedType","contents":[{"constraintClass":[["Data","Ord"],"Ord"],"constraintArgs":[{"tag":"TypeVar","contents":"k"}],"constraintData":null},{"tag":"ConstrainedType","contents":[{"constraintClass":[["Data","Monoid"],"Monoid"],"constraintArgs":[{"tag":"TypeVar","contents":"m"}],"constraintData":null},{"tag":"TypeApp","contents":[{"tag":"TypeApp","contents":[{"tag":"TypeConstructor","contents":[["Prim"],"Function"]},{"tag":"TypeApp","contents":[{"tag":"TypeConstructor","contents":[["Data","Maybe"],"Maybe"]},{"tag":"TypeVar","contents":"k"}]}]},{"tag":"TypeApp","contents":[{"tag":"TypeApp","contents":[{"tag":"TypeConstructor","contents":[["Prim"],"Function"]},{"tag":"TypeApp","contents":[{"tag":"TypeConstructor","contents":[["Data","Maybe"],"Maybe"]},{"tag":"TypeVar","contents":"k"}]}]},{"tag":"TypeApp","contents":[{"tag":"TypeApp","contents":[{"tag":"TypeConstructor","contents":[["Prim"],"Function"]},{"tag":"TypeApp","contents":[{"tag":"TypeApp","contents":[{"tag":"TypeConstructor","contents":[["Prim"],"Function"]},{"tag":"TypeVar","contents":"k"}]},{"tag":"TypeApp","contents":[{"tag":"TypeApp","contents":[{"tag":"TypeConstructor","contents":[["Prim"],"Function"]},{"tag":"TypeVar","contents":"v"}]},{"tag":"TypeVar","contents":"m"}]}]}]},{"tag":"TypeApp","contents":[{"tag":"TypeApp","contents":[{"tag":"TypeConstructor","contents":[["Prim"],"Function"]},{"tag":"TypeApp","contents":[{"tag":"TypeApp","contents":[{"tag":"TypeConstructor","contents":[["Data","Map"],"Map"]},{"tag":"TypeVar","contents":"k"}]},{"tag":"TypeVar","contents":"v"}]}]},{"tag":"TypeVar","contents":"m"}]}]}]}]}]}]},329]},330]},331]}}},{"EDValue":{"edValueName":{"Ident":"submap"},"edValueType":{"tag":"ForAll","contents":["v",{"tag":"ForAll","contents":["k",{"tag":"ConstrainedType","contents":[{"constraintClass":[["Data","Ord"],"Ord"],"constraintArgs":[{"tag":"TypeVar","contents":"k"}],"constraintData":null},{"tag":"TypeApp","contents":[{"tag":"TypeApp","contents":[{"tag":"TypeConstructor","contents":[["Prim"],"Function"]},{"tag":"TypeApp","contents":[{"tag":"TypeConstructor","contents":[["Data","Maybe"],"Maybe"]},{"tag":"TypeVar","contents":"k"}]}]},{"tag":"TypeApp","contents":[{"tag":"TypeApp","contents":[{"tag":"TypeConstructor","contents":[["Prim"],"Function"]},{"tag":"TypeApp","contents":[{"tag":"TypeConstructor","contents":[["Data","Maybe"],"Maybe"]},{"tag":"TypeVar","contents":"k"}]}]},{"tag":"TypeApp","contents":[{"tag":"TypeApp","contents":[{"tag":"TypeConstructor","contents":[["Prim"],"Function"]},{"tag":"TypeApp","contents":[{"tag":"TypeApp","contents":[{"tag":"TypeConstructor","contents":[["Data","Map"],"Map"]},{"tag":"TypeVar","contents":"k"}]},{"tag":"TypeVar","contents":"v"}]}]},{"tag":"TypeApp","contents":[{"tag":"TypeApp","contents":[{"tag":"TypeConstructor","contents":[["Data","Map"],"Map"]},{"tag":"TypeVar","contents":"k"}]},{"tag":"TypeVar","contents":"v"}]}]}]}]}]},335]},336]}}},{"EDValue":{"edValueName":{"Ident":"fromFoldable"},"edValueType":{"tag":"ForAll","contents":["v",{"tag":"ForAll","contents":["k",{"tag":"ForAll","contents":["f",{"tag":"ConstrainedType","contents":[{"constraintClass":[["Data","Ord"],"Ord"],"constraintArgs":[{"tag":"TypeVar","contents":"k"}],"constraintData":null},{"tag":"ConstrainedType","contents":[{"constraintClass":[["Data","Foldable"],"Foldable"],"constraintArgs":[{"tag":"TypeVar","contents":"f"}],"constraintData":null},{"tag":"TypeApp","contents":[{"tag":"TypeApp","contents":[{"tag":"TypeConstructor","contents":[["Prim"],"Function"]},{"tag":"TypeApp","contents":[{"tag":"TypeVar","contents":"f"},{"tag":"TypeApp","contents":[{"tag":"TypeApp","contents":[{"tag":"TypeConstructor","contents":[["Data","Tuple"],"Tuple"]},{"tag":"TypeVar","contents":"k"}]},{"tag":"TypeVar","contents":"v"}]}]}]},{"tag":"TypeApp","contents":[{"tag":"TypeApp","contents":[{"tag":"TypeConstructor","contents":[["Data","Map"],"Map"]},{"tag":"TypeVar","contents":"k"}]},{"tag":"TypeVar","contents":"v"}]}]}]}]},375]},376]},377]}}},{"EDValue":{"edValueName":{"Ident":"fromFoldableWith"},"edValueType":{"tag":"ForAll","contents":["v",{"tag":"ForAll","contents":["k",{"tag":"ForAll","contents":["f",{"tag":"ConstrainedType","contents":[{"constraintClass":[["Data","Ord"],"Ord"],"constraintArgs":[{"tag":"TypeVar","contents":"k"}],"constraintData":null},{"tag":"ConstrainedType","contents":[{"constraintClass":[["Data","Foldable"],"Foldable"],"constraintArgs":[{"tag":"TypeVar","contents":"f"}],"constraintData":null},{"tag":"TypeApp","contents":[{"tag":"TypeApp","contents":[{"tag":"TypeConstructor","contents":[["Prim"],"Function"]},{"tag":"TypeApp","contents":[{"tag":"TypeApp","contents":[{"tag":"TypeConstructor","contents":[["Prim"],"Function"]},{"tag":"TypeVar","contents":"v"}]},{"tag":"TypeApp","contents":[{"tag":"TypeApp","contents":[{"tag":"TypeConstructor","contents":[["Prim"],"Function"]},{"tag":"TypeVar","contents":"v"}]},{"tag":"TypeVar","contents":"v"}]}]}]},{"tag":"TypeApp","contents":[{"tag":"TypeApp","contents":[{"tag":"TypeConstructor","contents":[["Prim"],"Function"]},{"tag":"TypeApp","contents":[{"tag":"TypeVar","contents":"f"},{"tag":"TypeApp","contents":[{"tag":"TypeApp","contents":[{"tag":"TypeConstructor","contents":[["Data","Tuple"],"Tuple"]},{"tag":"TypeVar","contents":"k"}]},{"tag":"TypeVar","contents":"v"}]}]}]},{"tag":"TypeApp","contents":[{"tag":"TypeApp","contents":[{"tag":"TypeConstructor","contents":[["Data","Map"],"Map"]},{"tag":"TypeVar","contents":"k"}]},{"tag":"TypeVar","contents":"v"}]}]}]}]}]},433]},434]},435]}}},{"EDValue":{"edValueName":{"Ident":"toUnfoldable"},"edValueType":{"tag":"ForAll","contents":["v",{"tag":"ForAll","contents":["k",{"tag":"ForAll","contents":["f",{"tag":"ConstrainedType","contents":[{"constraintClass":[["Data","Unfoldable"],"Unfoldable"],"constraintArgs":[{"tag":"TypeVar","contents":"f"}],"constraintData":null},{"tag":"TypeApp","contents":[{"tag":"TypeApp","contents":[{"tag":"TypeConstructor","contents":[["Prim"],"Function"]},{"tag":"TypeApp","contents":[{"tag":"TypeApp","contents":[{"tag":"TypeConstructor","contents":[["Data","Map"],"Map"]},{"tag":"TypeVar","contents":"k"}]},{"tag":"TypeVar","contents":"v"}]}]},{"tag":"TypeApp","contents":[{"tag":"TypeVar","contents":"f"},{"tag":"TypeApp","contents":[{"tag":"TypeApp","contents":[{"tag":"TypeConstructor","contents":[["Data","Tuple"],"Tuple"]},{"tag":"TypeVar","contents":"k"}]},{"tag":"TypeVar","contents":"v"}]}]}]}]},115]},116]},117]}}},{"EDValue":{"edValueName":{"Ident":"toAscUnfoldable"},"edValueType":{"tag":"ForAll","contents":["v",{"tag":"ForAll","contents":["k",{"tag":"ForAll","contents":["f",{"tag":"ConstrainedType","contents":[{"constraintClass":[["Data","Unfoldable"],"Unfoldable"],"constraintArgs":[{"tag":"TypeVar","contents":"f"}],"constraintData":null},{"tag":"TypeApp","contents":[{"tag":"TypeApp","contents":[{"tag":"TypeConstructor","contents":[["Prim"],"Function"]},{"tag":"TypeApp","contents":[{"tag":"TypeApp","contents":[{"tag":"TypeConstructor","contents":[["Data","Map"],"Map"]},{"tag":"TypeVar","contents":"k"}]},{"tag":"TypeVar","contents":"v"}]}]},{"tag":"TypeApp","contents":[{"tag":"TypeVar","contents":"f"},{"tag":"TypeApp","contents":[{"tag":"TypeApp","contents":[{"tag":"TypeConstructor","contents":[["Data","Tuple"],"Tuple"]},{"tag":"TypeVar","contents":"k"}]},{"tag":"TypeVar","contents":"v"}]}]}]}]},102]},103]},104]}}},{"EDValue":{"edValueName":{"Ident":"delete"},"edValueType":{"tag":"ForAll","contents":["v",{"tag":"ForAll","contents":["k",{"tag":"ConstrainedType","contents":[{"constraintClass":[["Data","Ord"],"Ord"],"constraintArgs":[{"tag":"TypeVar","contents":"k"}],"constraintData":null},{"tag":"TypeApp","contents":[{"tag":"TypeApp","contents":[{"tag":"TypeConstructor","contents":[["Prim"],"Function"]},{"tag":"TypeVar","contents":"k"}]},{"tag":"TypeApp","contents":[{"tag":"TypeApp","contents":[{"tag":"TypeConstructor","contents":[["Prim"],"Function"]},{"tag":"TypeApp","contents":[{"tag":"TypeApp","contents":[{"tag":"TypeConstructor","contents":[["Data","Map"],"Map"]},{"tag":"TypeVar","contents":"k"}]},{"tag":"TypeVar","contents":"v"}]}]},{"tag":"TypeApp","contents":[{"tag":"TypeApp","contents":[{"tag":"TypeConstructor","contents":[["Data","Map"],"Map"]},{"tag":"TypeVar","contents":"k"}]},{"tag":"TypeVar","contents":"v"}]}]}]}]},397]},398]}}},{"EDValue":{"edValueName":{"Ident":"pop"},"edValueType":{"tag":"ForAll","contents":["v",{"tag":"ForAll","contents":["k",{"tag":"ConstrainedType","contents":[{"constraintClass":[["Data","Ord"],"Ord"],"constraintArgs":[{"tag":"TypeVar","contents":"k"}],"constraintData":null},{"tag":"TypeApp","contents":[{"tag":"TypeApp","contents":[{"tag":"TypeConstructor","contents":[["Prim"],"Function"]},{"tag":"TypeVar","contents":"k"}]},{"tag":"TypeApp","contents":[{"tag":"TypeApp","contents":[{"tag":"TypeConstructor","contents":[["Prim"],"Function"]},{"tag":"TypeApp","contents":[{"tag":"TypeApp","contents":[{"tag":"TypeConstructor","contents":[["Data","Map"],"Map"]},{"tag":"TypeVar","contents":"k"}]},{"tag":"TypeVar","contents":"v"}]}]},{"tag":"TypeApp","contents":[{"tag":"TypeConstructor","contents":[["Data","Maybe"],"Maybe"]},{"tag":"TypeApp","contents":[{"tag":"TypeApp","contents":[{"tag":"TypeConstructor","contents":[["Data","Tuple"],"Tuple"]},{"tag":"TypeVar","contents":"v"}]},{"tag":"TypeApp","contents":[{"tag":"TypeApp","contents":[{"tag":"TypeConstructor","contents":[["Data","Map"],"Map"]},{"tag":"TypeVar","contents":"k"}]},{"tag":"TypeVar","contents":"v"}]}]}]}]}]}]},258]},259]}}},{"EDValue":{"edValueName":{"Ident":"member"},"edValueType":{"tag":"ForAll","contents":["v",{"tag":"ForAll","contents":["k",{"tag":"ConstrainedType","contents":[{"constraintClass":[["Data","Ord"],"Ord"],"constraintArgs":[{"tag":"TypeVar","contents":"k"}],"constraintData":null},{"tag":"TypeApp","contents":[{"tag":"TypeApp","contents":[{"tag":"TypeConstructor","contents":[["Prim"],"Function"]},{"tag":"TypeVar","contents":"k"}]},{"tag":"TypeApp","contents":[{"tag":"TypeApp","contents":[{"tag":"TypeConstructor","contents":[["Prim"],"Function"]},{"tag":"TypeApp","contents":[{"tag":"TypeApp","contents":[{"tag":"TypeConstructor","contents":[["Data","Map"],"Map"]},{"tag":"TypeVar","contents":"k"}]},{"tag":"TypeVar","contents":"v"}]}]},{"tag":"TypeConstructor","contents":[["Prim"],"Boolean"]}]}]}]},190]},191]}}},{"EDValue":{"edValueName":{"Ident":"alter"},"edValueType":{"tag":"ForAll","contents":["v",{"tag":"ForAll","contents":["k",{"tag":"ConstrainedType","contents":[{"constraintClass":[["Data","Ord"],"Ord"],"constraintArgs":[{"tag":"TypeVar","contents":"k"}],"constraintData":null},{"tag":"TypeApp","contents":[{"tag":"TypeApp","contents":[{"tag":"TypeConstructor","contents":[["Prim"],"Function"]},{"tag":"TypeApp","contents":[{"tag":"TypeApp","contents":[{"tag":"TypeConstructor","contents":[["Prim"],"Function"]},{"tag":"TypeApp","contents":[{"tag":"TypeConstructor","contents":[["Data","Maybe"],"Maybe"]},{"tag":"TypeVar","contents":"v"}]}]},{"tag":"TypeApp","contents":[{"tag":"TypeConstructor","contents":[["Data","Maybe"],"Maybe"]},{"tag":"TypeVar","contents":"v"}]}]}]},{"tag":"TypeApp","contents":[{"tag":"TypeApp","contents":[{"tag":"TypeConstructor","contents":[["Prim"],"Function"]},{"tag":"TypeVar","contents":"k"}]},{"tag":"TypeApp","contents":[{"tag":"TypeApp","contents":[{"tag":"TypeConstructor","contents":[["Prim"],"Function"]},{"tag":"TypeApp","contents":[{"tag":"TypeApp","contents":[{"tag":"TypeConstructor","contents":[["Data","Map"],"Map"]},{"tag":"TypeVar","contents":"k"}]},{"tag":"TypeVar","contents":"v"}]}]},{"tag":"TypeApp","contents":[{"tag":"TypeApp","contents":[{"tag":"TypeConstructor","contents":[["Data","Map"],"Map"]},{"tag":"TypeVar","contents":"k"}]},{"tag":"TypeVar","contents":"v"}]}]}]}]}]},429]},430]}}},{"EDValue":{"edValueName":{"Ident":"update"},"edValueType":{"tag":"ForAll","contents":["v",{"tag":"ForAll","contents":["k",{"tag":"ConstrainedType","contents":[{"constraintClass":[["Data","Ord"],"Ord"],"constraintArgs":[{"tag":"TypeVar","contents":"k"}],"constraintData":null},{"tag":"TypeApp","contents":[{"tag":"TypeApp","contents":[{"tag":"TypeConstructor","contents":[["Prim"],"Function"]},{"tag":"TypeApp","contents":[{"tag":"TypeApp","contents":[{"tag":"TypeConstructor","contents":[["Prim"],"Function"]},{"tag":"TypeVar","contents":"v"}]},{"tag":"TypeApp","contents":[{"tag":"TypeConstructor","contents":[["Data","Maybe"],"Maybe"]},{"tag":"TypeVar","contents":"v"}]}]}]},{"tag":"TypeApp","contents":[{"tag":"TypeApp","contents":[{"tag":"TypeConstructor","contents":[["Prim"],"Function"]},{"tag":"TypeVar","contents":"k"}]},{"tag":"TypeApp","contents":[{"tag":"TypeApp","contents":[{"tag":"TypeConstructor","contents":[["Prim"],"Function"]},{"tag":"TypeApp","contents":[{"tag":"TypeApp","contents":[{"tag":"TypeConstructor","contents":[["Data","Map"],"Map"]},{"tag":"TypeVar","contents":"k"}]},{"tag":"TypeVar","contents":"v"}]}]},{"tag":"TypeApp","contents":[{"tag":"TypeApp","contents":[{"tag":"TypeConstructor","contents":[["Data","Map"],"Map"]},{"tag":"TypeVar","contents":"k"}]},{"tag":"TypeVar","contents":"v"}]}]}]}]}]},459]},460]}}},{"EDValue":{"edValueName":{"Ident":"keys"},"edValueType":{"tag":"ForAll","contents":["v",{"tag":"ForAll","contents":["k",{"tag":"TypeApp","contents":[{"tag":"TypeApp","contents":[{"tag":"TypeConstructor","contents":[["Prim"],"Function"]},{"tag":"TypeApp","contents":[{"tag":"TypeApp","contents":[{"tag":"TypeConstructor","contents":[["Data","Map"],"Map"]},{"tag":"TypeVar","contents":"k"}]},{"tag":"TypeVar","contents":"v"}]}]},{"tag":"TypeApp","contents":[{"tag":"TypeConstructor","contents":[["Data","List","Types"],"List"]},{"tag":"TypeVar","contents":"k"}]}]},194]},195]}}},{"EDValue":{"edValueName":{"Ident":"values"},"edValueType":{"tag":"ForAll","contents":["v",{"tag":"ForAll","contents":["k",{"tag":"TypeApp","contents":[{"tag":"TypeApp","contents":[{"tag":"TypeConstructor","contents":[["Prim"],"Function"]},{"tag":"TypeApp","contents":[{"tag":"TypeApp","contents":[{"tag":"TypeConstructor","contents":[["Data","Map"],"Map"]},{"tag":"TypeVar","contents":"k"}]},{"tag":"TypeVar","contents":"v"}]}]},{"tag":"TypeApp","contents":[{"tag":"TypeConstructor","contents":[["Data","List","Types"],"List"]},{"tag":"TypeVar","contents":"v"}]}]},0]},1]}}},{"EDValue":{"edValueName":{"Ident":"union"},"edValueType":{"tag":"ForAll","contents":["v",{"tag":"ForAll","contents":["k",{"tag":"ConstrainedType","contents":[{"constraintClass":[["Data","Ord"],"Ord"],"constraintArgs":[{"tag":"TypeVar","contents":"k"}],"constraintData":null},{"tag":"TypeApp","contents":[{"tag":"TypeApp","contents":[{"tag":"TypeConstructor","contents":[["Prim"],"Function"]},{"tag":"TypeApp","contents":[{"tag":"TypeApp","contents":[{"tag":"TypeConstructor","contents":[["Data","Map"],"Map"]},{"tag":"TypeVar","contents":"k"}]},{"tag":"TypeVar","contents":"v"}]}]},{"tag":"TypeApp","contents":[{"tag":"TypeApp","contents":[{"tag":"TypeConstructor","contents":[["Prim"],"Function"]},{"tag":"TypeApp","contents":[{"tag":"TypeApp","contents":[{"tag":"TypeConstructor","contents":[["Data","Map"],"Map"]},{"tag":"TypeVar","contents":"k"}]},{"tag":"TypeVar","contents":"v"}]}]},{"tag":"TypeApp","contents":[{"tag":"TypeApp","contents":[{"tag":"TypeConstructor","contents":[["Data","Map"],"Map"]},{"tag":"TypeVar","contents":"k"}]},{"tag":"TypeVar","contents":"v"}]}]}]}]},445]},446]}}},{"EDValue":{"edValueName":{"Ident":"unionWith"},"edValueType":{"tag":"ForAll","contents":["v",{"tag":"ForAll","contents":["k",{"tag":"ConstrainedType","contents":[{"constraintClass":[["Data","Ord"],"Ord"],"constraintArgs":[{"tag":"TypeVar","contents":"k"}],"constraintData":null},{"tag":"TypeApp","contents":[{"tag":"TypeApp","contents":[{"tag":"TypeConstructor","contents":[["Prim"],"Function"]},{"tag":"TypeApp","contents":[{"tag":"TypeApp","contents":[{"tag":"TypeConstructor","contents":[["Prim"],"Function"]},{"tag":"TypeVar","contents":"v"}]},{"tag":"TypeApp","contents":[{"tag":"TypeApp","contents":[{"tag":"TypeConstructor","contents":[["Prim"],"Function"]},{"tag":"TypeVar","contents":"v"}]},{"tag":"TypeVar","contents":"v"}]}]}]},{"tag":"TypeApp","contents":[{"tag":"TypeApp","contents":[{"tag":"TypeConstructor","contents":[["Prim"],"Function"]},{"tag":"TypeApp","contents":[{"tag":"TypeApp","contents":[{"tag":"TypeConstructor","contents":[["Data","Map"],"Map"]},{"tag":"TypeVar","contents":"k"}]},{"tag":"TypeVar","contents":"v"}]}]},{"tag":"TypeApp","contents":[{"tag":"TypeApp","contents":[{"tag":"TypeConstructor","contents":[["Prim"],"Function"]},{"tag":"TypeApp","contents":[{"tag":"TypeApp","contents":[{"tag":"TypeConstructor","contents":[["Data","Map"],"Map"]},{"tag":"TypeVar","contents":"k"}]},{"tag":"TypeVar","contents":"v"}]}]},{"tag":"TypeApp","contents":[{"tag":"TypeApp","contents":[{"tag":"TypeConstructor","contents":[["Data","Map"],"Map"]},{"tag":"TypeVar","contents":"k"}]},{"tag":"TypeVar","contents":"v"}]}]}]}]}]},440]},441]}}},{"EDValue":{"edValueName":{"Ident":"unions"},"edValueType":{"tag":"ForAll","contents":["f",{"tag":"ForAll","contents":["v",{"tag":"ForAll","contents":["k",{"tag":"ConstrainedType","contents":[{"constraintClass":[["Data","Ord"],"Ord"],"constraintArgs":[{"tag":"TypeVar","contents":"k"}],"constraintData":null},{"tag":"ConstrainedType","contents":[{"constraintClass":[["Data","Foldable"],"Foldable"],"constraintArgs":[{"tag":"TypeVar","contents":"f"}],"constraintData":null},{"tag":"TypeApp","contents":[{"tag":"TypeApp","contents":[{"tag":"TypeConstructor","contents":[["Prim"],"Function"]},{"tag":"TypeApp","contents":[{"tag":"TypeVar","contents":"f"},{"tag":"TypeApp","contents":[{"tag":"TypeApp","contents":[{"tag":"TypeConstructor","contents":[["Data","Map"],"Map"]},{"tag":"TypeVar","contents":"k"}]},{"tag":"TypeVar","contents":"v"}]}]}]},{"tag":"TypeApp","contents":[{"tag":"TypeApp","contents":[{"tag":"TypeConstructor","contents":[["Data","Map"],"Map"]},{"tag":"TypeVar","contents":"k"}]},{"tag":"TypeVar","contents":"v"}]}]}]}]},453]},454]},455]}}},{"EDValue":{"edValueName":{"Ident":"isSubmap"},"edValueType":{"tag":"ForAll","contents":["v",{"tag":"ForAll","contents":["k",{"tag":"ConstrainedType","contents":[{"constraintClass":[["Data","Ord"],"Ord"],"constraintArgs":[{"tag":"TypeVar","contents":"k"}],"constraintData":null},{"tag":"ConstrainedType","contents":[{"constraintClass":[["Data","Eq"],"Eq"],"constraintArgs":[{"tag":"TypeVar","contents":"v"}],"constraintData":null},{"tag":"TypeApp","contents":[{"tag":"TypeApp","contents":[{"tag":"TypeConstructor","contents":[["Prim"],"Function"]},{"tag":"TypeApp","contents":[{"tag":"TypeApp","contents":[{"tag":"TypeConstructor","contents":[["Data","Map"],"Map"]},{"tag":"TypeVar","contents":"k"}]},{"tag":"TypeVar","contents":"v"}]}]},{"tag":"TypeApp","contents":[{"tag":"TypeApp","contents":[{"tag":"TypeConstructor","contents":[["Prim"],"Function"]},{"tag":"TypeApp","contents":[{"tag":"TypeApp","contents":[{"tag":"TypeConstructor","contents":[["Data","Map"],"Map"]},{"tag":"TypeVar","contents":"k"}]},{"tag":"TypeVar","contents":"v"}]}]},{"tag":"TypeConstructor","contents":[["Prim"],"Boolean"]}]}]}]}]},209]},210]}}},{"EDValue":{"edValueName":{"Ident":"size"},"edValueType":{"tag":"ForAll","contents":["v",{"tag":"ForAll","contents":["k",{"tag":"TypeApp","contents":[{"tag":"TypeApp","contents":[{"tag":"TypeConstructor","contents":[["Prim"],"Function"]},{"tag":"TypeApp","contents":[{"tag":"TypeApp","contents":[{"tag":"TypeConstructor","contents":[["Data","Map"],"Map"]},{"tag":"TypeVar","contents":"k"}]},{"tag":"TypeVar","contents":"v"}]}]},{"tag":"TypeConstructor","contents":[["Prim"],"Int"]}]},80]},81]}}},{"EDValue":{"edValueName":{"Ident":"mapWithKey"},"edValueType":{"tag":"ForAll","contents":["v'",{"tag":"ForAll","contents":["v",{"tag":"ForAll","contents":["k",{"tag":"TypeApp","contents":[{"tag":"TypeApp","contents":[{"tag":"TypeConstructor","contents":[["Prim"],"Function"]},{"tag":"TypeApp","contents":[{"tag":"TypeApp","contents":[{"tag":"TypeConstructor","contents":[["Prim"],"Function"]},{"tag":"TypeVar","contents":"k"}]},{"tag":"TypeApp","contents":[{"tag":"TypeApp","contents":[{"tag":"TypeConstructor","contents":[["Prim"],"Function"]},{"tag":"TypeVar","contents":"v"}]},{"tag":"TypeVar","contents":"v'"}]}]}]},{"tag":"TypeApp","contents":[{"tag":"TypeApp","contents":[{"tag":"TypeConstructor","contents":[["Prim"],"Function"]},{"tag":"TypeApp","contents":[{"tag":"TypeApp","contents":[{"tag":"TypeConstructor","contents":[["Data","Map"],"Map"]},{"tag":"TypeVar","contents":"k"}]},{"tag":"TypeVar","contents":"v"}]}]},{"tag":"TypeApp","contents":[{"tag":"TypeApp","contents":[{"tag":"TypeConstructor","contents":[["Data","Map"],"Map"]},{"tag":"TypeVar","contents":"k"}]},{"tag":"TypeVar","contents":"v'"}]}]}]},151]},152]},153]}}},{"EDValue":{"edValueName":{"Ident":"filterWithKey"},"edValueType":{"tag":"ForAll","contents":["v",{"tag":"ForAll","contents":["k",{"tag":"ConstrainedType","contents":[{"constraintClass":[["Data","Ord"],"Ord"],"constraintArgs":[{"tag":"TypeVar","contents":"k"}],"constraintData":null},{"tag":"TypeApp","contents":[{"tag":"TypeApp","contents":[{"tag":"TypeConstructor","contents":[["Prim"],"Function"]},{"tag":"TypeApp","contents":[{"tag":"TypeApp","contents":[{"tag":"TypeConstructor","contents":[["Prim"],"Function"]},{"tag":"TypeVar","contents":"k"}]},{"tag":"TypeApp","contents":[{"tag":"TypeApp","contents":[{"tag":"TypeConstructor","contents":[["Prim"],"Function"]},{"tag":"TypeVar","contents":"v"}]},{"tag":"TypeConstructor","contents":[["Prim"],"Boolean"]}]}]}]},{"tag":"TypeApp","contents":[{"tag":"TypeApp","contents":[{"tag":"TypeConstructor","contents":[["Prim"],"Function"]},{"tag":"TypeApp","contents":[{"tag":"TypeApp","contents":[{"tag":"TypeConstructor","contents":[["Data","Map"],"Map"]},{"tag":"TypeVar","contents":"k"}]},{"tag":"TypeVar","contents":"v"}]}]},{"tag":"TypeApp","contents":[{"tag":"TypeApp","contents":[{"tag":"TypeConstructor","contents":[["Data","Map"],"Map"]},{"tag":"TypeVar","contents":"k"}]},{"tag":"TypeVar","contents":"v"}]}]}]}]},381]},382]}}},{"EDValue":{"edValueName":{"Ident":"filterKeys"},"edValueType":{"tag":"ForAll","contents":["k",{"tag":"ConstrainedType","contents":[{"constraintClass":[["Data","Ord"],"Ord"],"constraintArgs":[{"tag":"TypeVar","contents":"k"}],"constraintData":null},{"tag":"TypeApp","contents":[{"tag":"TypeApp","contents":[{"tag":"TypeConstructor","contents":[["Prim"],"Function"]},{"tag":"TypeApp","contents":[{"tag":"TypeApp","contents":[{"tag":"TypeConstructor","contents":[["Prim"],"Function"]},{"tag":"TypeVar","contents":"k"}]},{"tag":"TypeConstructor","contents":[["Prim"],"Boolean"]}]}]},{"tag":"ForAll","contents":["a",{"tag":"TypeApp","contents":[{"tag":"TypeApp","contents":[{"tag":"TypeConstructor","contents":[["Prim"],"Function"]},{"tag":"TypeApp","contents":[{"tag":"TypeApp","contents":[{"tag":"TypeConstructor","contents":[["Data","Map"],"Map"]},{"tag":"TypeVar","contents":"k"}]},{"tag":"TypeVar","contents":"a"}]}]},{"tag":"TypeApp","contents":[{"tag":"TypeApp","contents":[{"tag":"TypeConstructor","contents":[["Data","Map"],"Map"]},{"tag":"TypeVar","contents":"k"}]},{"tag":"TypeVar","contents":"a"}]}]},389]}]}]},390]}}},{"EDValue":{"edValueName":{"Ident":"filter"},"edValueType":{"tag":"ForAll","contents":["v",{"tag":"ForAll","contents":["k",{"tag":"ConstrainedType","contents":[{"constraintClass":[["Data","Ord"],"Ord"],"constraintArgs":[{"tag":"TypeVar","contents":"k"}],"constraintData":null},{"tag":"TypeApp","contents":[{"tag":"TypeApp","contents":[{"tag":"TypeConstructor","contents":[["Prim"],"Function"]},{"tag":"TypeApp","contents":[{"tag":"TypeApp","contents":[{"tag":"TypeConstructor","contents":[["Prim"],"Function"]},{"tag":"TypeVar","contents":"v"}]},{"tag":"TypeConstructor","contents":[["Prim"],"Boolean"]}]}]},{"tag":"TypeApp","contents":[{"tag":"TypeApp","contents":[{"tag":"TypeConstructor","contents":[["Prim"],"Function"]},{"tag":"TypeApp","contents":[{"tag":"TypeApp","contents":[{"tag":"TypeConstructor","contents":[["Data","Map"],"Map"]},{"tag":"TypeVar","contents":"k"}]},{"tag":"TypeVar","contents":"v"}]}]},{"tag":"TypeApp","contents":[{"tag":"TypeApp","contents":[{"tag":"TypeConstructor","contents":[["Data","Map"],"Map"]},{"tag":"TypeVar","contents":"k"}]},{"tag":"TypeVar","contents":"v"}]}]}]}]},385]},386]}}},{"EDInstance":{"edInstanceClassName":[["Data","Eq"],"Eq1"],"edInstanceName":{"Ident":"eq1Map"},"edInstanceTypes":[{"tag":"TypeApp","contents":[{"tag":"TypeConstructor","contents":[["Data","Map"],"Map"]},{"tag":"TypeVar","contents":"k"}]}],"edInstanceConstraints":[{"constraintClass":[["Data","Eq"],"Eq"],"constraintArgs":[{"tag":"TypeVar","contents":"k"}],"constraintData":null}]}},{"EDInstance":{"edInstanceClassName":[["Data","Eq"],"Eq"],"edInstanceName":{"Ident":"eqMap"},"edInstanceTypes":[{"tag":"TypeApp","contents":[{"tag":"TypeApp","contents":[{"tag":"TypeConstructor","contents":[["Data","Map"],"Map"]},{"tag":"TypeVar","contents":"k"}]},{"tag":"TypeVar","contents":"v"}]}],"edInstanceConstraints":[{"constraintClass":[["Data","Eq"],"Eq"],"constraintArgs":[{"tag":"TypeVar","contents":"k"}],"constraintData":null},{"constraintClass":[["Data","Eq"],"Eq"],"constraintArgs":[{"tag":"TypeVar","contents":"v"}],"constraintData":null}]}},{"EDInstance":{"edInstanceClassName":[["Data","Ord"],"Ord1"],"edInstanceName":{"Ident":"ord1Map"},"edInstanceTypes":[{"tag":"TypeApp","contents":[{"tag":"TypeConstructor","contents":[["Data","Map"],"Map"]},{"tag":"TypeVar","contents":"k"}]}],"edInstanceConstraints":[{"constraintClass":[["Data","Ord"],"Ord"],"constraintArgs":[{"tag":"TypeVar","contents":"k"}],"constraintData":null}]}},{"EDInstance":{"edInstanceClassName":[["Data","Ord"],"Ord"],"edInstanceName":{"Ident":"ordMap"},"edInstanceTypes":[{"tag":"TypeApp","contents":[{"tag":"TypeApp","contents":[{"tag":"TypeConstructor","contents":[["Data","Map"],"Map"]},{"tag":"TypeVar","contents":"k"}]},{"tag":"TypeVar","contents":"v"}]}],"edInstanceConstraints":[{"constraintClass":[["Data","Ord"],"Ord"],"constraintArgs":[{"tag":"TypeVar","contents":"k"}],"constraintData":null},{"constraintClass":[["Data","Ord"],"Ord"],"constraintArgs":[{"tag":"TypeVar","contents":"v"}],"constraintData":null}]}},{"EDInstance":{"edInstanceClassName":[["Data","Show"],"Show"],"edInstanceName":{"Ident":"showMap"},"edInstanceTypes":[{"tag":"TypeApp","contents":[{"tag":"TypeApp","contents":[{"tag":"TypeConstructor","contents":[["Data","Map"],"Map"]},{"tag":"TypeVar","contents":"k"}]},{"tag":"TypeVar","contents":"v"}]}],"edInstanceConstraints":[{"constraintClass":[["Data","Show"],"Show"],"constraintArgs":[{"tag":"TypeVar","contents":"k"}],"constraintData":null},{"constraintClass":[["Data","Show"],"Show"],"constraintArgs":[{"tag":"TypeVar","contents":"v"}],"constraintData":null}]}},{"EDInstance":{"edInstanceClassName":[["Data","Semigroup"],"Semigroup"],"edInstanceName":{"Ident":"semigroupMap"},"edInstanceTypes":[{"tag":"TypeApp","contents":[{"tag":"TypeApp","contents":[{"tag":"TypeConstructor","contents":[["Data","Map"],"Map"]},{"tag":"TypeVar","contents":"k"}]},{"tag":"TypeVar","contents":"v"}]}],"edInstanceConstraints":[{"constraintClass":[["Data","Ord"],"Ord"],"constraintArgs":[{"tag":"TypeVar","contents":"k"}],"constraintData":null}]}},{"EDInstance":{"edInstanceClassName":[["Data","Monoid"],"Monoid"],"edInstanceName":{"Ident":"monoidMap"},"edInstanceTypes":[{"tag":"TypeApp","contents":[{"tag":"TypeApp","contents":[{"tag":"TypeConstructor","contents":[["Data","Map"],"Map"]},{"tag":"TypeVar","contents":"k"}]},{"tag":"TypeVar","contents":"v"}]}],"edInstanceConstraints":[{"constraintClass":[["Data","Ord"],"Ord"],"constraintArgs":[{"tag":"TypeVar","contents":"k"}],"constraintData":null}]}},{"EDInstance":{"edInstanceClassName":[["Data","Functor"],"Functor"],"edInstanceName":{"Ident":"functorMap"},"edInstanceTypes":[{"tag":"TypeApp","contents":[{"tag":"TypeConstructor","contents":[["Data","Map"],"Map"]},{"tag":"TypeVar","contents":"k"}]}],"edInstanceConstraints":[]}},{"EDInstance":{"edInstanceClassName":[["Data","FunctorWithIndex"],"FunctorWithIndex"],"edInstanceName":{"Ident":"functorWithIndexMap"},"edInstanceTypes":[{"tag":"TypeVar","contents":"k"},{"tag":"TypeApp","contents":[{"tag":"TypeConstructor","contents":[["Data","Map"],"Map"]},{"tag":"TypeVar","contents":"k"}]}],"edInstanceConstraints":[]}},{"EDInstance":{"edInstanceClassName":[["Data","Foldable"],"Foldable"],"edInstanceName":{"Ident":"foldableMap"},"edInstanceTypes":[{"tag":"TypeApp","contents":[{"tag":"TypeConstructor","contents":[["Data","Map"],"Map"]},{"tag":"TypeVar","contents":"k"}]}],"edInstanceConstraints":[]}},{"EDInstance":{"edInstanceClassName":[["Data","FoldableWithIndex"],"FoldableWithIndex"],"edInstanceName":{"Ident":"foldableWithIndexMap"},"edInstanceTypes":[{"tag":"TypeVar","contents":"k"},{"tag":"TypeApp","contents":[{"tag":"TypeConstructor","contents":[["Data","Map"],"Map"]},{"tag":"TypeVar","contents":"k"}]}],"edInstanceConstraints":[]}},{"EDInstance":{"edInstanceClassName":[["Data","Traversable"],"Traversable"],"edInstanceName":{"Ident":"traversableMap"},"edInstanceTypes":[{"tag":"TypeApp","contents":[{"tag":"TypeConstructor","contents":[["Data","Map"],"Map"]},{"tag":"TypeVar","contents":"k"}]}],"edInstanceConstraints":[]}},{"EDInstance":{"edInstanceClassName":[["Data","TraversableWithIndex"],"TraversableWithIndex"],"edInstanceName":{"Ident":"traversableWithIndexMap"},"edInstanceTypes":[{"tag":"TypeVar","contents":"k"},{"tag":"TypeApp","contents":[{"tag":"TypeConstructor","contents":[["Data","Map"],"Map"]},{"tag":"TypeVar","contents":"k"}]}],"edInstanceConstraints":[]}}],"efSourceSpan":{"start":[1,1],"name":"C:\\Users\\Shashi\\juspay\\cube-rotation-narayan\\bower_components\\purescript-maps\\src\\Data\\Map.purs","end":[642,42]}}