{"efVersion":"0.11.7","efModuleName":["Control","Monad","Gen"],"efExports":[{"ReExportRef":[{"start":[1,1],"name":"C:\\Users\\Shashi\\juspay\\cube-rotation-narayan\\bower_components\\purescript-gen\\src\\Control\\Monad\\Gen.purs","end":[139,51]},["Control","Monad","Gen","Class"],{"TypeRef":[{"start":[1,1],"name":"C:\\Users\\Shashi\\juspay\\cube-rotation-narayan\\bower_components\\purescript-gen\\src\\Control\\Monad\\Gen.purs","end":[139,51]},"Size",[]]}]},{"ReExportRef":[{"start":[1,1],"name":"C:\\Users\\Shashi\\juspay\\cube-rotation-narayan\\bower_components\\purescript-gen\\src\\Control\\Monad\\Gen.purs","end":[139,51]},["Control","Monad","Gen","Class"],{"TypeClassRef":[{"start":[1,1],"name":"C:\\Users\\Shashi\\juspay\\cube-rotation-narayan\\bower_components\\purescript-gen\\src\\Control\\Monad\\Gen.purs","end":[139,51]},"MonadGen"]}]},{"ReExportRef":[{"start":[1,1],"name":"C:\\Users\\Shashi\\juspay\\cube-rotation-narayan\\bower_components\\purescript-gen\\src\\Control\\Monad\\Gen.purs","end":[139,51]},["Control","Monad","Gen","Class"],{"ValueRef":[{"start":[1,1],"name":"C:\\Users\\Shashi\\juspay\\cube-rotation-narayan\\bower_components\\purescript-gen\\src\\Control\\Monad\\Gen.purs","end":[139,51]},{"Ident":"chooseBool"}]}]},{"ReExportRef":[{"start":[1,1],"name":"C:\\Users\\Shashi\\juspay\\cube-rotation-narayan\\bower_components\\purescript-gen\\src\\Control\\Monad\\Gen.purs","end":[139,51]},["Control","Monad","Gen","Class"],{"ValueRef":[{"start":[1,1],"name":"C:\\Users\\Shashi\\juspay\\cube-rotation-narayan\\bower_components\\purescript-gen\\src\\Control\\Monad\\Gen.purs","end":[139,51]},{"Ident":"chooseFloat"}]}]},{"ReExportRef":[{"start":[1,1],"name":"C:\\Users\\Shashi\\juspay\\cube-rotation-narayan\\bower_components\\purescript-gen\\src\\Control\\Monad\\Gen.purs","end":[139,51]},["Control","Monad","Gen","Class"],{"ValueRef":[{"start":[1,1],"name":"C:\\Users\\Shashi\\juspay\\cube-rotation-narayan\\bower_components\\purescript-gen\\src\\Control\\Monad\\Gen.purs","end":[139,51]},{"Ident":"chooseInt"}]}]},{"ReExportRef":[{"start":[1,1],"name":"C:\\Users\\Shashi\\juspay\\cube-rotation-narayan\\bower_components\\purescript-gen\\src\\Control\\Monad\\Gen.purs","end":[139,51]},["Control","Monad","Gen","Class"],{"ValueRef":[{"start":[1,1],"name":"C:\\Users\\Shashi\\juspay\\cube-rotation-narayan\\bower_components\\purescript-gen\\src\\Control\\Monad\\Gen.purs","end":[139,51]},{"Ident":"resize"}]}]},{"ReExportRef":[{"start":[1,1],"name":"C:\\Users\\Shashi\\juspay\\cube-rotation-narayan\\bower_components\\purescript-gen\\src\\Control\\Monad\\Gen.purs","end":[139,51]},["Control","Monad","Gen","Class"],{"ValueRef":[{"start":[1,1],"name":"C:\\Users\\Shashi\\juspay\\cube-rotation-narayan\\bower_components\\purescript-gen\\src\\Control\\Monad\\Gen.purs","end":[139,51]},{"Ident":"sized"}]}]},{"ModuleRef":[{"start":[2,5],"name":"C:\\Users\\Shashi\\juspay\\cube-rotation-narayan\\bower_components\\purescript-gen\\src\\Control\\Monad\\Gen.purs","end":[2,35]},["Control","Monad","Gen","Class"]]},{"ValueRef":[{"start":[1,1],"name":"C:\\Users\\Shashi\\juspay\\cube-rotation-narayan\\bower_components\\purescript-gen\\src\\Control\\Monad\\Gen.purs","end":[139,51]},{"Ident":"choose"}]},{"ValueRef":[{"start":[1,1],"name":"C:\\Users\\Shashi\\juspay\\cube-rotation-narayan\\bower_components\\purescript-gen\\src\\Control\\Monad\\Gen.purs","end":[139,51]},{"Ident":"oneOf"}]},{"ValueRef":[{"start":[1,1],"name":"C:\\Users\\Shashi\\juspay\\cube-rotation-narayan\\bower_components\\purescript-gen\\src\\Control\\Monad\\Gen.purs","end":[139,51]},{"Ident":"frequency"}]},{"ValueRef":[{"start":[1,1],"name":"C:\\Users\\Shashi\\juspay\\cube-rotation-narayan\\bower_components\\purescript-gen\\src\\Control\\Monad\\Gen.purs","end":[139,51]},{"Ident":"elements"}]},{"ValueRef":[{"start":[1,1],"name":"C:\\Users\\Shashi\\juspay\\cube-rotation-narayan\\bower_components\\purescript-gen\\src\\Control\\Monad\\Gen.purs","end":[139,51]},{"Ident":"unfoldable"}]},{"ValueRef":[{"start":[1,1],"name":"C:\\Users\\Shashi\\juspay\\cube-rotation-narayan\\bower_components\\purescript-gen\\src\\Control\\Monad\\Gen.purs","end":[139,51]},{"Ident":"suchThat"}]},{"ValueRef":[{"start":[1,1],"name":"C:\\Users\\Shashi\\juspay\\cube-rotation-narayan\\bower_components\\purescript-gen\\src\\Control\\Monad\\Gen.purs","end":[139,51]},{"Ident":"filtered"}]}],"efImports":[{"eiModule":["Prim"],"eiImportType":{"Implicit":[]},"eiImportedAs":["Prim"]},{"eiModule":["Prim"],"eiImportType":{"Implicit":[]},"eiImportedAs":null},{"eiModule":["Prelude"],"eiImportType":{"Implicit":[]},"eiImportedAs":null},{"eiModule":["Control","Monad","Gen","Class"],"eiImportType":{"Explicit":[{"TypeClassRef":[{"start":[14,33],"name":"C:\\Users\\Shashi\\juspay\\cube-rotation-narayan\\bower_components\\purescript-gen\\src\\Control\\Monad\\Gen.purs","end":[14,47]},"MonadGen"]},{"TypeRef":[{"start":[14,49],"name":"C:\\Users\\Shashi\\juspay\\cube-rotation-narayan\\bower_components\\purescript-gen\\src\\Control\\Monad\\Gen.purs","end":[14,53]},"Size",[]]},{"ValueRef":[{"start":[14,55],"name":"C:\\Users\\Shashi\\juspay\\cube-rotation-narayan\\bower_components\\purescript-gen\\src\\Control\\Monad\\Gen.purs","end":[14,65]},{"Ident":"chooseBool"}]},{"ValueRef":[{"start":[14,67],"name":"C:\\Users\\Shashi\\juspay\\cube-rotation-narayan\\bower_components\\purescript-gen\\src\\Control\\Monad\\Gen.purs","end":[14,78]},{"Ident":"chooseFloat"}]},{"ValueRef":[{"start":[14,80],"name":"C:\\Users\\Shashi\\juspay\\cube-rotation-narayan\\bower_components\\purescript-gen\\src\\Control\\Monad\\Gen.purs","end":[14,89]},{"Ident":"chooseInt"}]},{"ValueRef":[{"start":[14,91],"name":"C:\\Users\\Shashi\\juspay\\cube-rotation-narayan\\bower_components\\purescript-gen\\src\\Control\\Monad\\Gen.purs","end":[14,97]},{"Ident":"resize"}]},{"ValueRef":[{"start":[14,99],"name":"C:\\Users\\Shashi\\juspay\\cube-rotation-narayan\\bower_components\\purescript-gen\\src\\Control\\Monad\\Gen.purs","end":[14,104]},{"Ident":"sized"}]}]},"eiImportedAs":null},{"eiModule":["Control","Monad","Rec","Class"],"eiImportType":{"Explicit":[{"TypeClassRef":[{"start":[15,33],"name":"C:\\Users\\Shashi\\juspay\\cube-rotation-narayan\\bower_components\\purescript-gen\\src\\Control\\Monad\\Gen.purs","end":[15,47]},"MonadRec"]},{"TypeRef":[{"start":[15,49],"name":"C:\\Users\\Shashi\\juspay\\cube-rotation-narayan\\bower_components\\purescript-gen\\src\\Control\\Monad\\Gen.purs","end":[15,57]},"Step",null]},{"ValueRef":[{"start":[15,59],"name":"C:\\Users\\Shashi\\juspay\\cube-rotation-narayan\\bower_components\\purescript-gen\\src\\Control\\Monad\\Gen.purs","end":[15,67]},{"Ident":"tailRecM"}]}]},"eiImportedAs":null},{"eiModule":["Data","Foldable"],"eiImportType":{"Explicit":[{"ValueRef":[{"start":[16,23],"name":"C:\\Users\\Shashi\\juspay\\cube-rotation-narayan\\bower_components\\purescript-gen\\src\\Control\\Monad\\Gen.purs","end":[16,30]},{"Ident":"foldMap"}]},{"ValueRef":[{"start":[16,32],"name":"C:\\Users\\Shashi\\juspay\\cube-rotation-narayan\\bower_components\\purescript-gen\\src\\Control\\Monad\\Gen.purs","end":[16,38]},{"Ident":"length"}]}]},"eiImportedAs":null},{"eiModule":["Data","Maybe"],"eiImportType":{"Explicit":[{"TypeRef":[{"start":[17,20],"name":"C:\\Users\\Shashi\\juspay\\cube-rotation-narayan\\bower_components\\purescript-gen\\src\\Control\\Monad\\Gen.purs","end":[17,29]},"Maybe",null]}]},"eiImportedAs":null},{"eiModule":["Data","Monoid","Additive"],"eiImportType":{"Explicit":[{"TypeRef":[{"start":[18,30],"name":"C:\\Users\\Shashi\\juspay\\cube-rotation-narayan\\bower_components\\purescript-gen\\src\\Control\\Monad\\Gen.purs","end":[18,42]},"Additive",null]}]},"eiImportedAs":null},{"eiModule":["Data","Newtype"],"eiImportType":{"Explicit":[{"ValueRef":[{"start":[19,22],"name":"C:\\Users\\Shashi\\juspay\\cube-rotation-narayan\\bower_components\\purescript-gen\\src\\Control\\Monad\\Gen.purs","end":[19,26]},{"Ident":"alaF"}]}]},"eiImportedAs":null},{"eiModule":["Data","Semigroup","Foldable"],"eiImportType":{"Explicit":[{"TypeClassRef":[{"start":[20,33],"name":"C:\\Users\\Shashi\\juspay\\cube-rotation-narayan\\bower_components\\purescript-gen\\src\\Control\\Monad\\Gen.purs","end":[20,48]},"Foldable1"]},{"ValueRef":[{"start":[20,50],"name":"C:\\Users\\Shashi\\juspay\\cube-rotation-narayan\\bower_components\\purescript-gen\\src\\Control\\Monad\\Gen.purs","end":[20,58]},{"Ident":"foldMap1"}]}]},"eiImportedAs":null},{"eiModule":["Data","Tuple"],"eiImportType":{"Explicit":[{"TypeRef":[{"start":[21,20],"name":"C:\\Users\\Shashi\\juspay\\cube-rotation-narayan\\bower_components\\purescript-gen\\src\\Control\\Monad\\Gen.purs","end":[21,29]},"Tuple",null]},{"ValueRef":[{"start":[21,31],"name":"C:\\Users\\Shashi\\juspay\\cube-rotation-narayan\\bower_components\\purescript-gen\\src\\Control\\Monad\\Gen.purs","end":[21,34]},{"Ident":"fst"}]},{"ValueRef":[{"start":[21,36],"name":"C:\\Users\\Shashi\\juspay\\cube-rotation-narayan\\bower_components\\purescript-gen\\src\\Control\\Monad\\Gen.purs","end":[21,39]},{"Ident":"snd"}]}]},"eiImportedAs":null},{"eiModule":["Data","Unfoldable"],"eiImportType":{"Explicit":[{"TypeClassRef":[{"start":[22,25],"name":"C:\\Users\\Shashi\\juspay\\cube-rotation-narayan\\bower_components\\purescript-gen\\src\\Control\\Monad\\Gen.purs","end":[22,41]},"Unfoldable"]},{"ValueRef":[{"start":[22,43],"name":"C:\\Users\\Shashi\\juspay\\cube-rotation-narayan\\bower_components\\purescript-gen\\src\\Control\\Monad\\Gen.purs","end":[22,50]},{"Ident":"unfoldr"}]}]},"eiImportedAs":null}],"efFixities":[],"efTypeFixities":[],"efDeclarations":[{"EDValue":{"edValueName":{"Ident":"choose"},"edValueType":{"tag":"ForAll","contents":["a",{"tag":"ForAll","contents":["m",{"tag":"ConstrainedType","contents":[{"constraintClass":[["Control","Monad","Gen","Class"],"MonadGen"],"constraintArgs":[{"tag":"TypeVar","contents":"m"}],"constraintData":null},{"tag":"TypeApp","contents":[{"tag":"TypeApp","contents":[{"tag":"TypeConstructor","contents":[["Prim"],"Function"]},{"tag":"TypeApp","contents":[{"tag":"TypeVar","contents":"m"},{"tag":"TypeVar","contents":"a"}]}]},{"tag":"TypeApp","contents":[{"tag":"TypeApp","contents":[{"tag":"TypeConstructor","contents":[["Prim"],"Function"]},{"tag":"TypeApp","contents":[{"tag":"TypeVar","contents":"m"},{"tag":"TypeVar","contents":"a"}]}]},{"tag":"TypeApp","contents":[{"tag":"TypeVar","contents":"m"},{"tag":"TypeVar","contents":"a"}]}]}]}]},32]},33]}}},{"EDValue":{"edValueName":{"Ident":"oneOf"},"edValueType":{"tag":"ForAll","contents":["a",{"tag":"ForAll","contents":["f",{"tag":"ForAll","contents":["m",{"tag":"ConstrainedType","contents":[{"constraintClass":[["Control","Monad","Gen","Class"],"MonadGen"],"constraintArgs":[{"tag":"TypeVar","contents":"m"}],"constraintData":null},{"tag":"ConstrainedType","contents":[{"constraintClass":[["Data","Semigroup","Foldable"],"Foldable1"],"constraintArgs":[{"tag":"TypeVar","contents":"f"}],"constraintData":null},{"tag":"TypeApp","contents":[{"tag":"TypeApp","contents":[{"tag":"TypeConstructor","contents":[["Prim"],"Function"]},{"tag":"TypeApp","contents":[{"tag":"TypeVar","contents":"f"},{"tag":"TypeApp","contents":[{"tag":"TypeVar","contents":"m"},{"tag":"TypeVar","contents":"a"}]}]}]},{"tag":"TypeApp","contents":[{"tag":"TypeVar","contents":"m"},{"tag":"TypeVar","contents":"a"}]}]}]}]},49]},50]},51]}}},{"EDValue":{"edValueName":{"Ident":"frequency"},"edValueType":{"tag":"ForAll","contents":["a",{"tag":"ForAll","contents":["f",{"tag":"ForAll","contents":["m",{"tag":"ConstrainedType","contents":[{"constraintClass":[["Control","Monad","Gen","Class"],"MonadGen"],"constraintArgs":[{"tag":"TypeVar","contents":"m"}],"constraintData":null},{"tag":"ConstrainedType","contents":[{"constraintClass":[["Data","Semigroup","Foldable"],"Foldable1"],"constraintArgs":[{"tag":"TypeVar","contents":"f"}],"constraintData":null},{"tag":"TypeApp","contents":[{"tag":"TypeApp","contents":[{"tag":"TypeConstructor","contents":[["Prim"],"Function"]},{"tag":"TypeApp","contents":[{"tag":"TypeVar","contents":"f"},{"tag":"TypeApp","contents":[{"tag":"TypeApp","contents":[{"tag":"TypeConstructor","contents":[["Data","Tuple"],"Tuple"]},{"tag":"TypeConstructor","contents":[["Prim"],"Number"]}]},{"tag":"TypeApp","contents":[{"tag":"TypeVar","contents":"m"},{"tag":"TypeVar","contents":"a"}]}]}]}]},{"tag":"TypeApp","contents":[{"tag":"TypeVar","contents":"m"},{"tag":"TypeVar","contents":"a"}]}]}]}]},17]},18]},19]}}},{"EDValue":{"edValueName":{"Ident":"elements"},"edValueType":{"tag":"ForAll","contents":["a",{"tag":"ForAll","contents":["f",{"tag":"ForAll","contents":["m",{"tag":"ConstrainedType","contents":[{"constraintClass":[["Control","Monad","Gen","Class"],"MonadGen"],"constraintArgs":[{"tag":"TypeVar","contents":"m"}],"constraintData":null},{"tag":"ConstrainedType","contents":[{"constraintClass":[["Data","Semigroup","Foldable"],"Foldable1"],"constraintArgs":[{"tag":"TypeVar","contents":"f"}],"constraintData":null},{"tag":"TypeApp","contents":[{"tag":"TypeApp","contents":[{"tag":"TypeConstructor","contents":[["Prim"],"Function"]},{"tag":"TypeApp","contents":[{"tag":"TypeVar","contents":"f"},{"tag":"TypeVar","contents":"a"}]}]},{"tag":"TypeApp","contents":[{"tag":"TypeVar","contents":"m"},{"tag":"TypeVar","contents":"a"}]}]}]}]},43]},44]},45]}}},{"EDValue":{"edValueName":{"Ident":"unfoldable"},"edValueType":{"tag":"ForAll","contents":["a",{"tag":"ForAll","contents":["f",{"tag":"ForAll","contents":["m",{"tag":"ConstrainedType","contents":[{"constraintClass":[["Control","Monad","Rec","Class"],"MonadRec"],"constraintArgs":[{"tag":"TypeVar","contents":"m"}],"constraintData":null},{"tag":"ConstrainedType","contents":[{"constraintClass":[["Control","Monad","Gen","Class"],"MonadGen"],"constraintArgs":[{"tag":"TypeVar","contents":"m"}],"constraintData":null},{"tag":"ConstrainedType","contents":[{"constraintClass":[["Data","Unfoldable"],"Unfoldable"],"constraintArgs":[{"tag":"TypeVar","contents":"f"}],"constraintData":null},{"tag":"TypeApp","contents":[{"tag":"TypeApp","contents":[{"tag":"TypeConstructor","contents":[["Prim"],"Function"]},{"tag":"TypeApp","contents":[{"tag":"TypeVar","contents":"m"},{"tag":"TypeVar","contents":"a"}]}]},{"tag":"TypeApp","contents":[{"tag":"TypeVar","contents":"m"},{"tag":"TypeApp","contents":[{"tag":"TypeVar","contents":"f"},{"tag":"TypeVar","contents":"a"}]}]}]}]}]}]},0]},1]},2]}}},{"EDValue":{"edValueName":{"Ident":"suchThat"},"edValueType":{"tag":"ForAll","contents":["a",{"tag":"ForAll","contents":["m",{"tag":"ConstrainedType","contents":[{"constraintClass":[["Control","Monad","Rec","Class"],"MonadRec"],"constraintArgs":[{"tag":"TypeVar","contents":"m"}],"constraintData":null},{"tag":"ConstrainedType","contents":[{"constraintClass":[["Control","Monad","Gen","Class"],"MonadGen"],"constraintArgs":[{"tag":"TypeVar","contents":"m"}],"constraintData":null},{"tag":"TypeApp","contents":[{"tag":"TypeApp","contents":[{"tag":"TypeConstructor","contents":[["Prim"],"Function"]},{"tag":"TypeApp","contents":[{"tag":"TypeVar","contents":"m"},{"tag":"TypeVar","contents":"a"}]}]},{"tag":"TypeApp","contents":[{"tag":"TypeApp","contents":[{"tag":"TypeConstructor","contents":[["Prim"],"Function"]},{"tag":"TypeApp","contents":[{"tag":"TypeApp","contents":[{"tag":"TypeConstructor","contents":[["Prim"],"Function"]},{"tag":"TypeVar","contents":"a"}]},{"tag":"TypeConstructor","contents":[["Prim"],"Boolean"]}]}]},{"tag":"TypeApp","contents":[{"tag":"TypeVar","contents":"m"},{"tag":"TypeVar","contents":"a"}]}]}]}]}]},28]},29]}}},{"EDValue":{"edValueName":{"Ident":"filtered"},"edValueType":{"tag":"ForAll","contents":["a",{"tag":"ForAll","contents":["m",{"tag":"ConstrainedType","contents":[{"constraintClass":[["Control","Monad","Rec","Class"],"MonadRec"],"constraintArgs":[{"tag":"TypeVar","contents":"m"}],"constraintData":null},{"tag":"ConstrainedType","contents":[{"constraintClass":[["Control","Monad","Gen","Class"],"MonadGen"],"constraintArgs":[{"tag":"TypeVar","contents":"m"}],"constraintData":null},{"tag":"TypeApp","contents":[{"tag":"TypeApp","contents":[{"tag":"TypeConstructor","contents":[["Prim"],"Function"]},{"tag":"TypeApp","contents":[{"tag":"TypeVar","contents":"m"},{"tag":"TypeApp","contents":[{"tag":"TypeConstructor","contents":[["Data","Maybe"],"Maybe"]},{"tag":"TypeVar","contents":"a"}]}]}]},{"tag":"TypeApp","contents":[{"tag":"TypeVar","contents":"m"},{"tag":"TypeVar","contents":"a"}]}]}]}]},24]},25]}}}],"efSourceSpan":{"start":[1,1],"name":"C:\\Users\\Shashi\\juspay\\cube-rotation-narayan\\bower_components\\purescript-gen\\src\\Control\\Monad\\Gen.purs","end":[139,51]}}