{"efVersion":"0.11.7","efModuleName":["Data","Lens","Record"],"efExports":[{"ValueRef":[{"start":[1,1],"name":"C:\\Users\\Shashi\\juspay\\cube-rotation-narayan\\bower_components\\purescript-profunctor-lenses\\src\\Data\\Lens\\Record.purs","end":[27,36]},{"Ident":"prop"}]}],"efImports":[{"eiModule":["Prim"],"eiImportType":{"Implicit":[]},"eiImportedAs":["Prim"]},{"eiModule":["Prim"],"eiImportType":{"Implicit":[]},"eiImportedAs":null},{"eiModule":["Prelude"],"eiImportType":{"Implicit":[]},"eiImportedAs":null},{"eiModule":["Data","Lens"],"eiImportType":{"Explicit":[{"TypeRef":[{"start":[5,19],"name":"C:\\Users\\Shashi\\juspay\\cube-rotation-narayan\\bower_components\\purescript-profunctor-lenses\\src\\Data\\Lens\\Record.purs","end":[5,23]},"Lens",[]]},{"ValueRef":[{"start":[5,25],"name":"C:\\Users\\Shashi\\juspay\\cube-rotation-narayan\\bower_components\\purescript-profunctor-lenses\\src\\Data\\Lens\\Record.purs","end":[5,29]},{"Ident":"lens"}]}]},"eiImportedAs":null},{"eiModule":["Data","Record"],"eiImportType":{"Explicit":[{"ValueRef":[{"start":[6,21],"name":"C:\\Users\\Shashi\\juspay\\cube-rotation-narayan\\bower_components\\purescript-profunctor-lenses\\src\\Data\\Lens\\Record.purs","end":[6,24]},{"Ident":"get"}]},{"ValueRef":[{"start":[6,26],"name":"C:\\Users\\Shashi\\juspay\\cube-rotation-narayan\\bower_components\\purescript-profunctor-lenses\\src\\Data\\Lens\\Record.purs","end":[6,29]},{"Ident":"set"}]}]},"eiImportedAs":null},{"eiModule":["Data","Symbol"],"eiImportType":{"Explicit":[{"TypeClassRef":[{"start":[7,21],"name":"C:\\Users\\Shashi\\juspay\\cube-rotation-narayan\\bower_components\\purescript-profunctor-lenses\\src\\Data\\Lens\\Record.purs","end":[7,35]},"IsSymbol"]},{"TypeRef":[{"start":[7,37],"name":"C:\\Users\\Shashi\\juspay\\cube-rotation-narayan\\bower_components\\purescript-profunctor-lenses\\src\\Data\\Lens\\Record.purs","end":[7,43]},"SProxy",[]]}]},"eiImportedAs":null}],"efFixities":[],"efTypeFixities":[],"efDeclarations":[{"EDValue":{"edValueName":{"Ident":"prop"},"edValueType":{"tag":"ForAll","contents":["b",{"tag":"ForAll","contents":["a",{"tag":"ForAll","contents":["r",{"tag":"ForAll","contents":["r2",{"tag":"ForAll","contents":["r1",{"tag":"ForAll","contents":["l",{"tag":"ConstrainedType","contents":[{"constraintClass":[["Data","Symbol"],"IsSymbol"],"constraintArgs":[{"tag":"TypeVar","contents":"l"}],"constraintData":null},{"tag":"ConstrainedType","contents":[{"constraintClass":[["Prim"],"RowCons"],"constraintArgs":[{"tag":"TypeVar","contents":"l"},{"tag":"TypeVar","contents":"a"},{"tag":"TypeVar","contents":"r"},{"tag":"TypeVar","contents":"r1"}],"constraintData":null},{"tag":"ConstrainedType","contents":[{"constraintClass":[["Prim"],"RowCons"],"constraintArgs":[{"tag":"TypeVar","contents":"l"},{"tag":"TypeVar","contents":"b"},{"tag":"TypeVar","contents":"r"},{"tag":"TypeVar","contents":"r2"}],"constraintData":null},{"tag":"TypeApp","contents":[{"tag":"TypeApp","contents":[{"tag":"TypeConstructor","contents":[["Prim"],"Function"]},{"tag":"TypeApp","contents":[{"tag":"TypeConstructor","contents":[["Data","Symbol"],"SProxy"]},{"tag":"TypeVar","contents":"l"}]}]},{"tag":"ForAll","contents":["p",{"tag":"ConstrainedType","contents":[{"constraintClass":[["Data","Profunctor","Strong"],"Strong"],"constraintArgs":[{"tag":"TypeVar","contents":"p"}],"constraintData":null},{"tag":"TypeApp","contents":[{"tag":"TypeApp","contents":[{"tag":"TypeConstructor","contents":[["Prim"],"Function"]},{"tag":"TypeApp","contents":[{"tag":"TypeApp","contents":[{"tag":"TypeVar","contents":"p"},{"tag":"TypeVar","contents":"a"}]},{"tag":"TypeVar","contents":"b"}]}]},{"tag":"TypeApp","contents":[{"tag":"TypeApp","contents":[{"tag":"TypeVar","contents":"p"},{"tag":"TypeApp","contents":[{"tag":"TypeConstructor","contents":[["Prim"],"Record"]},{"tag":"TypeVar","contents":"r1"}]}]},{"tag":"TypeApp","contents":[{"tag":"TypeConstructor","contents":[["Prim"],"Record"]},{"tag":"TypeVar","contents":"r2"}]}]}]}]},0]}]}]}]}]},1]},2]},3]},4]},5]},6]}}}],"efSourceSpan":{"start":[1,1],"name":"C:\\Users\\Shashi\\juspay\\cube-rotation-narayan\\bower_components\\purescript-profunctor-lenses\\src\\Data\\Lens\\Record.purs","end":[27,36]}}