{"efVersion":"0.11.7","efModuleName":["Control","Monad","Eff"],"efExports":[{"KindRef":[{"start":[1,1],"name":"C:\\Users\\Shashi\\juspay\\cube-rotation-narayan\\bower_components\\purescript-eff\\src\\Control\\Monad\\Eff.purs","end":[97,78]},"Effect"]},{"TypeRef":[{"start":[1,1],"name":"C:\\Users\\Shashi\\juspay\\cube-rotation-narayan\\bower_components\\purescript-eff\\src\\Control\\Monad\\Eff.purs","end":[97,78]},"Eff",[]]},{"TypeRef":[{"start":[1,1],"name":"C:\\Users\\Shashi\\juspay\\cube-rotation-narayan\\bower_components\\purescript-eff\\src\\Control\\Monad\\Eff.purs","end":[97,78]},"Pure",[]]},{"ValueRef":[{"start":[1,1],"name":"C:\\Users\\Shashi\\juspay\\cube-rotation-narayan\\bower_components\\purescript-eff\\src\\Control\\Monad\\Eff.purs","end":[97,78]},{"Ident":"runPure"}]},{"ValueRef":[{"start":[1,1],"name":"C:\\Users\\Shashi\\juspay\\cube-rotation-narayan\\bower_components\\purescript-eff\\src\\Control\\Monad\\Eff.purs","end":[97,78]},{"Ident":"untilE"}]},{"ValueRef":[{"start":[1,1],"name":"C:\\Users\\Shashi\\juspay\\cube-rotation-narayan\\bower_components\\purescript-eff\\src\\Control\\Monad\\Eff.purs","end":[97,78]},{"Ident":"whileE"}]},{"ValueRef":[{"start":[1,1],"name":"C:\\Users\\Shashi\\juspay\\cube-rotation-narayan\\bower_components\\purescript-eff\\src\\Control\\Monad\\Eff.purs","end":[97,78]},{"Ident":"forE"}]},{"ValueRef":[{"start":[1,1],"name":"C:\\Users\\Shashi\\juspay\\cube-rotation-narayan\\bower_components\\purescript-eff\\src\\Control\\Monad\\Eff.purs","end":[97,78]},{"Ident":"foreachE"}]},{"TypeInstanceRef":[{"start":[0,0],"name":"<generated>","end":[0,0]},{"Ident":"semigroupEff"}]},{"TypeInstanceRef":[{"start":[0,0],"name":"<generated>","end":[0,0]},{"Ident":"monoidEff"}]},{"TypeInstanceRef":[{"start":[0,0],"name":"<generated>","end":[0,0]},{"Ident":"functorEff"}]},{"TypeInstanceRef":[{"start":[0,0],"name":"<generated>","end":[0,0]},{"Ident":"applyEff"}]},{"TypeInstanceRef":[{"start":[0,0],"name":"<generated>","end":[0,0]},{"Ident":"applicativeEff"}]},{"TypeInstanceRef":[{"start":[0,0],"name":"<generated>","end":[0,0]},{"Ident":"bindEff"}]},{"TypeInstanceRef":[{"start":[0,0],"name":"<generated>","end":[0,0]},{"Ident":"monadEff"}]}],"efImports":[{"eiModule":["Prim"],"eiImportType":{"Implicit":[]},"eiImportedAs":["Prim"]},{"eiModule":["Prim"],"eiImportType":{"Implicit":[]},"eiImportedAs":null},{"eiModule":["Control","Applicative"],"eiImportType":{"Explicit":[{"TypeClassRef":[{"start":[9,29],"name":"C:\\Users\\Shashi\\juspay\\cube-rotation-narayan\\bower_components\\purescript-eff\\src\\Control\\Monad\\Eff.purs","end":[9,46]},"Applicative"]},{"ValueRef":[{"start":[9,48],"name":"C:\\Users\\Shashi\\juspay\\cube-rotation-narayan\\bower_components\\purescript-eff\\src\\Control\\Monad\\Eff.purs","end":[9,54]},{"Ident":"liftA1"}]},{"ValueRef":[{"start":[9,56],"name":"C:\\Users\\Shashi\\juspay\\cube-rotation-narayan\\bower_components\\purescript-eff\\src\\Control\\Monad\\Eff.purs","end":[9,60]},{"Ident":"pure"}]}]},"eiImportedAs":null},{"eiModule":["Control","Apply"],"eiImportType":{"Explicit":[{"TypeClassRef":[{"start":[10,23],"name":"C:\\Users\\Shashi\\juspay\\cube-rotation-narayan\\bower_components\\purescript-eff\\src\\Control\\Monad\\Eff.purs","end":[10,34]},"Apply"]},{"ValueRef":[{"start":[10,36],"name":"C:\\Users\\Shashi\\juspay\\cube-rotation-narayan\\bower_components\\purescript-eff\\src\\Control\\Monad\\Eff.purs","end":[10,41]},{"Ident":"lift2"}]}]},"eiImportedAs":null},{"eiModule":["Control","Bind"],"eiImportType":{"Explicit":[{"TypeClassRef":[{"start":[11,22],"name":"C:\\Users\\Shashi\\juspay\\cube-rotation-narayan\\bower_components\\purescript-eff\\src\\Control\\Monad\\Eff.purs","end":[11,32]},"Bind"]}]},"eiImportedAs":null},{"eiModule":["Control","Monad"],"eiImportType":{"Explicit":[{"TypeClassRef":[{"start":[12,23],"name":"C:\\Users\\Shashi\\juspay\\cube-rotation-narayan\\bower_components\\purescript-eff\\src\\Control\\Monad\\Eff.purs","end":[12,34]},"Monad"]},{"ValueRef":[{"start":[12,36],"name":"C:\\Users\\Shashi\\juspay\\cube-rotation-narayan\\bower_components\\purescript-eff\\src\\Control\\Monad\\Eff.purs","end":[12,38]},{"Ident":"ap"}]}]},"eiImportedAs":null},{"eiModule":["Data","Functor"],"eiImportType":{"Explicit":[{"TypeClassRef":[{"start":[14,22],"name":"C:\\Users\\Shashi\\juspay\\cube-rotation-narayan\\bower_components\\purescript-eff\\src\\Control\\Monad\\Eff.purs","end":[14,35]},"Functor"]}]},"eiImportedAs":null},{"eiModule":["Data","Monoid"],"eiImportType":{"Explicit":[{"TypeClassRef":[{"start":[15,21],"name":"C:\\Users\\Shashi\\juspay\\cube-rotation-narayan\\bower_components\\purescript-eff\\src\\Control\\Monad\\Eff.purs","end":[15,33]},"Monoid"]},{"ValueRef":[{"start":[15,35],"name":"C:\\Users\\Shashi\\juspay\\cube-rotation-narayan\\bower_components\\purescript-eff\\src\\Control\\Monad\\Eff.purs","end":[15,41]},{"Ident":"mempty"}]}]},"eiImportedAs":null},{"eiModule":["Data","Semigroup"],"eiImportType":{"Explicit":[{"TypeClassRef":[{"start":[16,24],"name":"C:\\Users\\Shashi\\juspay\\cube-rotation-narayan\\bower_components\\purescript-eff\\src\\Control\\Monad\\Eff.purs","end":[16,39]},"Semigroup"]},{"ValueRef":[{"start":[16,41],"name":"C:\\Users\\Shashi\\juspay\\cube-rotation-narayan\\bower_components\\purescript-eff\\src\\Control\\Monad\\Eff.purs","end":[16,47]},{"Ident":"append"}]}]},"eiImportedAs":null},{"eiModule":["Data","Unit"],"eiImportType":{"Explicit":[{"TypeRef":[{"start":[17,19],"name":"C:\\Users\\Shashi\\juspay\\cube-rotation-narayan\\bower_components\\purescript-eff\\src\\Control\\Monad\\Eff.purs","end":[17,23]},"Unit",[]]}]},"eiImportedAs":null}],"efFixities":[],"efTypeFixities":[],"efDeclarations":[{"EDKind":{"edKindName":"Effect"}},{"EDType":{"edTypeName":"Eff","edTypeKind":{"tag":"FunKind","contents":[{"tag":"Row","contents":{"tag":"NamedKind","contents":[["Control","Monad","Eff"],"Effect"]}},{"tag":"FunKind","contents":[{"tag":"NamedKind","contents":[["Prim"],"Type"]},{"tag":"NamedKind","contents":[["Prim"],"Type"]}]}]},"edTypeDeclarationKind":"ExternData"}},{"EDType":{"edTypeName":"Pure","edTypeKind":{"tag":"FunKind","contents":[{"tag":"NamedKind","contents":[["Prim"],"Type"]},{"tag":"NamedKind","contents":[["Prim"],"Type"]}]},"edTypeDeclarationKind":"TypeSynonym"}},{"EDTypeSynonym":{"edTypeSynonymName":"Pure","edTypeSynonymArguments":[["a",{"tag":"NamedKind","contents":[["Prim"],"Type"]}]],"edTypeSynonymType":{"tag":"TypeApp","contents":[{"tag":"TypeApp","contents":[{"tag":"TypeConstructor","contents":[["Control","Monad","Eff"],"Eff"]},{"tag":"REmpty"}]},{"tag":"TypeVar","contents":"a"}]}}},{"EDValue":{"edValueName":{"Ident":"runPure"},"edValueType":{"tag":"ForAll","contents":["a",{"tag":"TypeApp","contents":[{"tag":"TypeApp","contents":[{"tag":"TypeConstructor","contents":[["Prim"],"Function"]},{"tag":"TypeApp","contents":[{"tag":"TypeConstructor","contents":[["Control","Monad","Eff"],"Pure"]},{"tag":"TypeVar","contents":"a"}]}]},{"tag":"TypeVar","contents":"a"}]},null]}}},{"EDValue":{"edValueName":{"Ident":"untilE"},"edValueType":{"tag":"ForAll","contents":["e",{"tag":"TypeApp","contents":[{"tag":"TypeApp","contents":[{"tag":"TypeConstructor","contents":[["Prim"],"Function"]},{"tag":"TypeApp","contents":[{"tag":"TypeApp","contents":[{"tag":"TypeConstructor","contents":[["Control","Monad","Eff"],"Eff"]},{"tag":"TypeVar","contents":"e"}]},{"tag":"TypeConstructor","contents":[["Prim"],"Boolean"]}]}]},{"tag":"TypeApp","contents":[{"tag":"TypeApp","contents":[{"tag":"TypeConstructor","contents":[["Control","Monad","Eff"],"Eff"]},{"tag":"TypeVar","contents":"e"}]},{"tag":"TypeConstructor","contents":[["Data","Unit"],"Unit"]}]}]},null]}}},{"EDValue":{"edValueName":{"Ident":"whileE"},"edValueType":{"tag":"ForAll","contents":["a",{"tag":"ForAll","contents":["e",{"tag":"TypeApp","contents":[{"tag":"TypeApp","contents":[{"tag":"TypeConstructor","contents":[["Prim"],"Function"]},{"tag":"TypeApp","contents":[{"tag":"TypeApp","contents":[{"tag":"TypeConstructor","contents":[["Control","Monad","Eff"],"Eff"]},{"tag":"TypeVar","contents":"e"}]},{"tag":"TypeConstructor","contents":[["Prim"],"Boolean"]}]}]},{"tag":"TypeApp","contents":[{"tag":"TypeApp","contents":[{"tag":"TypeConstructor","contents":[["Prim"],"Function"]},{"tag":"TypeApp","contents":[{"tag":"TypeApp","contents":[{"tag":"TypeConstructor","contents":[["Control","Monad","Eff"],"Eff"]},{"tag":"TypeVar","contents":"e"}]},{"tag":"TypeVar","contents":"a"}]}]},{"tag":"TypeApp","contents":[{"tag":"TypeApp","contents":[{"tag":"TypeConstructor","contents":[["Control","Monad","Eff"],"Eff"]},{"tag":"TypeVar","contents":"e"}]},{"tag":"TypeConstructor","contents":[["Data","Unit"],"Unit"]}]}]}]},null]},null]}}},{"EDValue":{"edValueName":{"Ident":"forE"},"edValueType":{"tag":"ForAll","contents":["e",{"tag":"TypeApp","contents":[{"tag":"TypeApp","contents":[{"tag":"TypeConstructor","contents":[["Prim"],"Function"]},{"tag":"TypeConstructor","contents":[["Prim"],"Int"]}]},{"tag":"TypeApp","contents":[{"tag":"TypeApp","contents":[{"tag":"TypeConstructor","contents":[["Prim"],"Function"]},{"tag":"TypeConstructor","contents":[["Prim"],"Int"]}]},{"tag":"TypeApp","contents":[{"tag":"TypeApp","contents":[{"tag":"TypeConstructor","contents":[["Prim"],"Function"]},{"tag":"TypeApp","contents":[{"tag":"TypeApp","contents":[{"tag":"TypeConstructor","contents":[["Prim"],"Function"]},{"tag":"TypeConstructor","contents":[["Prim"],"Int"]}]},{"tag":"TypeApp","contents":[{"tag":"TypeApp","contents":[{"tag":"TypeConstructor","contents":[["Control","Monad","Eff"],"Eff"]},{"tag":"TypeVar","contents":"e"}]},{"tag":"TypeConstructor","contents":[["Data","Unit"],"Unit"]}]}]}]},{"tag":"TypeApp","contents":[{"tag":"TypeApp","contents":[{"tag":"TypeConstructor","contents":[["Control","Monad","Eff"],"Eff"]},{"tag":"TypeVar","contents":"e"}]},{"tag":"TypeConstructor","contents":[["Data","Unit"],"Unit"]}]}]}]}]},null]}}},{"EDValue":{"edValueName":{"Ident":"foreachE"},"edValueType":{"tag":"ForAll","contents":["a",{"tag":"ForAll","contents":["e",{"tag":"TypeApp","contents":[{"tag":"TypeApp","contents":[{"tag":"TypeConstructor","contents":[["Prim"],"Function"]},{"tag":"TypeApp","contents":[{"tag":"TypeConstructor","contents":[["Prim"],"Array"]},{"tag":"TypeVar","contents":"a"}]}]},{"tag":"TypeApp","contents":[{"tag":"TypeApp","contents":[{"tag":"TypeConstructor","contents":[["Prim"],"Function"]},{"tag":"TypeApp","contents":[{"tag":"TypeApp","contents":[{"tag":"TypeConstructor","contents":[["Prim"],"Function"]},{"tag":"TypeVar","contents":"a"}]},{"tag":"TypeApp","contents":[{"tag":"TypeApp","contents":[{"tag":"TypeConstructor","contents":[["Control","Monad","Eff"],"Eff"]},{"tag":"TypeVar","contents":"e"}]},{"tag":"TypeConstructor","contents":[["Data","Unit"],"Unit"]}]}]}]},{"tag":"TypeApp","contents":[{"tag":"TypeApp","contents":[{"tag":"TypeConstructor","contents":[["Control","Monad","Eff"],"Eff"]},{"tag":"TypeVar","contents":"e"}]},{"tag":"TypeConstructor","contents":[["Data","Unit"],"Unit"]}]}]}]},null]},null]}}},{"EDInstance":{"edInstanceClassName":[["Data","Semigroup"],"Semigroup"],"edInstanceName":{"Ident":"semigroupEff"},"edInstanceTypes":[{"tag":"TypeApp","contents":[{"tag":"TypeApp","contents":[{"tag":"TypeConstructor","contents":[["Control","Monad","Eff"],"Eff"]},{"tag":"TypeVar","contents":"e"}]},{"tag":"TypeVar","contents":"a"}]}],"edInstanceConstraints":[{"constraintClass":[["Data","Semigroup"],"Semigroup"],"constraintArgs":[{"tag":"TypeVar","contents":"a"}],"constraintData":null}]}},{"EDInstance":{"edInstanceClassName":[["Data","Monoid"],"Monoid"],"edInstanceName":{"Ident":"monoidEff"},"edInstanceTypes":[{"tag":"TypeApp","contents":[{"tag":"TypeApp","contents":[{"tag":"TypeConstructor","contents":[["Control","Monad","Eff"],"Eff"]},{"tag":"TypeVar","contents":"e"}]},{"tag":"TypeVar","contents":"a"}]}],"edInstanceConstraints":[{"constraintClass":[["Data","Monoid"],"Monoid"],"constraintArgs":[{"tag":"TypeVar","contents":"a"}],"constraintData":null}]}},{"EDInstance":{"edInstanceClassName":[["Data","Functor"],"Functor"],"edInstanceName":{"Ident":"functorEff"},"edInstanceTypes":[{"tag":"TypeApp","contents":[{"tag":"TypeConstructor","contents":[["Control","Monad","Eff"],"Eff"]},{"tag":"TypeVar","contents":"e"}]}],"edInstanceConstraints":[]}},{"EDInstance":{"edInstanceClassName":[["Control","Apply"],"Apply"],"edInstanceName":{"Ident":"applyEff"},"edInstanceTypes":[{"tag":"TypeApp","contents":[{"tag":"TypeConstructor","contents":[["Control","Monad","Eff"],"Eff"]},{"tag":"TypeVar","contents":"e"}]}],"edInstanceConstraints":[]}},{"EDInstance":{"edInstanceClassName":[["Control","Applicative"],"Applicative"],"edInstanceName":{"Ident":"applicativeEff"},"edInstanceTypes":[{"tag":"TypeApp","contents":[{"tag":"TypeConstructor","contents":[["Control","Monad","Eff"],"Eff"]},{"tag":"TypeVar","contents":"e"}]}],"edInstanceConstraints":[]}},{"EDInstance":{"edInstanceClassName":[["Control","Bind"],"Bind"],"edInstanceName":{"Ident":"bindEff"},"edInstanceTypes":[{"tag":"TypeApp","contents":[{"tag":"TypeConstructor","contents":[["Control","Monad","Eff"],"Eff"]},{"tag":"TypeVar","contents":"e"}]}],"edInstanceConstraints":[]}},{"EDInstance":{"edInstanceClassName":[["Control","Monad"],"Monad"],"edInstanceName":{"Ident":"monadEff"},"edInstanceTypes":[{"tag":"TypeApp","contents":[{"tag":"TypeConstructor","contents":[["Control","Monad","Eff"],"Eff"]},{"tag":"TypeVar","contents":"e"}]}],"edInstanceConstraints":[]}}],"efSourceSpan":{"start":[1,1],"name":"C:\\Users\\Shashi\\juspay\\cube-rotation-narayan\\bower_components\\purescript-eff\\src\\Control\\Monad\\Eff.purs","end":[97,78]}}