{"efVersion":"0.11.7","efModuleName":["Cube"],"efExports":[{"TypeRef":[{"start":[1,1],"name":"C:\\Users\\Shashi\\juspay\\cube-rotation-narayan\\src\\Cube.purs","end":[342,24]},"Distance",[]]},{"TypeRef":[{"start":[1,1],"name":"C:\\Users\\Shashi\\juspay\\cube-rotation-narayan\\src\\Cube.purs","end":[342,24]},"Angle",[]]},{"TypeRef":[{"start":[1,1],"name":"C:\\Users\\Shashi\\juspay\\cube-rotation-narayan\\src\\Cube.purs","end":[342,24]},"Point2D",[]]},{"TypeRef":[{"start":[1,1],"name":"C:\\Users\\Shashi\\juspay\\cube-rotation-narayan\\src\\Cube.purs","end":[342,24]},"Point3D",[]]},{"TypeRef":[{"start":[1,1],"name":"C:\\Users\\Shashi\\juspay\\cube-rotation-narayan\\src\\Cube.purs","end":[342,24]},"Edge",[]]},{"TypeRef":[{"start":[1,1],"name":"C:\\Users\\Shashi\\juspay\\cube-rotation-narayan\\src\\Cube.purs","end":[342,24]},"Shape",[]]},{"TypeRef":[{"start":[1,1],"name":"C:\\Users\\Shashi\\juspay\\cube-rotation-narayan\\src\\Cube.purs","end":[342,24]},"Angle3D",[]]},{"TypeRef":[{"start":[1,1],"name":"C:\\Users\\Shashi\\juspay\\cube-rotation-narayan\\src\\Cube.purs","end":[342,24]},"AngVelocity3D",[]]},{"TypeRef":[{"start":[1,1],"name":"C:\\Users\\Shashi\\juspay\\cube-rotation-narayan\\src\\Cube.purs","end":[342,24]},"RotatingShape",[]]},{"TypeRef":[{"start":[1,1],"name":"C:\\Users\\Shashi\\juspay\\cube-rotation-narayan\\src\\Cube.purs","end":[342,24]},"Axis",["X","Y","Z"]]},{"TypeRef":[{"start":[1,1],"name":"C:\\Users\\Shashi\\juspay\\cube-rotation-narayan\\src\\Cube.purs","end":[342,24]},"State",[]]},{"ValueRef":[{"start":[1,1],"name":"C:\\Users\\Shashi\\juspay\\cube-rotation-narayan\\src\\Cube.purs","end":[342,24]},{"Ident":"viewBoxSize"}]},{"ValueRef":[{"start":[1,1],"name":"C:\\Users\\Shashi\\juspay\\cube-rotation-narayan\\src\\Cube.purs","end":[342,24]},{"Ident":"viewCenter"}]},{"ValueRef":[{"start":[1,1],"name":"C:\\Users\\Shashi\\juspay\\cube-rotation-narayan\\src\\Cube.purs","end":[342,24]},{"Ident":"frameRate"}]},{"ValueRef":[{"start":[1,1],"name":"C:\\Users\\Shashi\\juspay\\cube-rotation-narayan\\src\\Cube.purs","end":[342,24]},{"Ident":"oneDegInRad"}]},{"ValueRef":[{"start":[1,1],"name":"C:\\Users\\Shashi\\juspay\\cube-rotation-narayan\\src\\Cube.purs","end":[342,24]},{"Ident":"tenDegInRad"}]},{"ValueRef":[{"start":[1,1],"name":"C:\\Users\\Shashi\\juspay\\cube-rotation-narayan\\src\\Cube.purs","end":[342,24]},{"Ident":"accelerateBy"}]},{"ValueRef":[{"start":[1,1],"name":"C:\\Users\\Shashi\\juspay\\cube-rotation-narayan\\src\\Cube.purs","end":[342,24]},{"Ident":"dampenPercent"}]},{"ValueRef":[{"start":[1,1],"name":"C:\\Users\\Shashi\\juspay\\cube-rotation-narayan\\src\\Cube.purs","end":[342,24]},{"Ident":"initCube"}]},{"TypeRef":[{"start":[1,1],"name":"C:\\Users\\Shashi\\juspay\\cube-rotation-narayan\\src\\Cube.purs","end":[342,24]},"Query",["Tick","IncAngVelocity","Reversefun","VelInc","Veldec"]]},{"ValueRef":[{"start":[1,1],"name":"C:\\Users\\Shashi\\juspay\\cube-rotation-narayan\\src\\Cube.purs","end":[342,24]},{"Ident":"cubes"}]},{"ValueRef":[{"start":[1,1],"name":"C:\\Users\\Shashi\\juspay\\cube-rotation-narayan\\src\\Cube.purs","end":[342,24]},{"Ident":"rotateShape"}]},{"ValueRef":[{"start":[1,1],"name":"C:\\Users\\Shashi\\juspay\\cube-rotation-narayan\\src\\Cube.purs","end":[342,24]},{"Ident":"rotate"}]},{"ValueRef":[{"start":[1,1],"name":"C:\\Users\\Shashi\\juspay\\cube-rotation-narayan\\src\\Cube.purs","end":[342,24]},{"Ident":"anglePerFrame"}]},{"ValueRef":[{"start":[1,1],"name":"C:\\Users\\Shashi\\juspay\\cube-rotation-narayan\\src\\Cube.purs","end":[342,24]},{"Ident":"dampenAngVelocity"}]},{"ValueRef":[{"start":[1,1],"name":"C:\\Users\\Shashi\\juspay\\cube-rotation-narayan\\src\\Cube.purs","end":[342,24]},{"Ident":"renderView"}]},{"ValueRef":[{"start":[1,1],"name":"C:\\Users\\Shashi\\juspay\\cube-rotation-narayan\\src\\Cube.purs","end":[342,24]},{"Ident":"converToString"}]}],"efImports":[{"eiModule":["Prim"],"eiImportType":{"Implicit":[]},"eiImportedAs":["Prim"]},{"eiModule":["Prim"],"eiImportType":{"Implicit":[]},"eiImportedAs":null},{"eiModule":["Prelude"],"eiImportType":{"Implicit":[]},"eiImportedAs":null},{"eiModule":["Control","Monad","Aff"],"eiImportType":{"Explicit":[{"TypeRef":[{"start":[5,27],"name":"C:\\Users\\Shashi\\juspay\\cube-rotation-narayan\\src\\Cube.purs","end":[5,30]},"Aff",[]]}]},"eiImportedAs":null},{"eiModule":["Control","Monad","Eff","Console"],"eiImportType":{"Explicit":[{"ValueRef":[{"start":[6,35],"name":"C:\\Users\\Shashi\\juspay\\cube-rotation-narayan\\src\\Cube.purs","end":[6,38]},{"Ident":"log"}]},{"TypeRef":[{"start":[6,40],"name":"C:\\Users\\Shashi\\juspay\\cube-rotation-narayan\\src\\Cube.purs","end":[6,47]},"CONSOLE",[]]}]},"eiImportedAs":null},{"eiModule":["Data","Array"],"eiImportType":{"Explicit":[{"ValueRef":[{"start":[7,20],"name":"C:\\Users\\Shashi\\juspay\\cube-rotation-narayan\\src\\Cube.purs","end":[7,32]},{"Ident":"mapWithIndex"}]},{"ValueOpRef":[{"start":[7,34],"name":"C:\\Users\\Shashi\\juspay\\cube-rotation-narayan\\src\\Cube.purs","end":[7,38]},"!!"]}]},"eiImportedAs":null},{"eiModule":["Data","Maybe"],"eiImportType":{"Explicit":[{"TypeRef":[{"start":[8,20],"name":"C:\\Users\\Shashi\\juspay\\cube-rotation-narayan\\src\\Cube.purs","end":[8,29]},"Maybe",null]},{"ValueRef":[{"start":[8,31],"name":"C:\\Users\\Shashi\\juspay\\cube-rotation-narayan\\src\\Cube.purs","end":[8,40]},{"Ident":"fromMaybe"}]}]},"eiImportedAs":null},{"eiModule":["Data","Tuple"],"eiImportType":{"Explicit":[{"TypeRef":[{"start":[9,20],"name":"C:\\Users\\Shashi\\juspay\\cube-rotation-narayan\\src\\Cube.purs","end":[9,29]},"Tuple",null]}]},"eiImportedAs":null},{"eiModule":["Halogen"],"eiImportType":{"Implicit":[]},"eiImportedAs":["H"]},{"eiModule":["Halogen","HTML"],"eiImportType":{"Implicit":[]},"eiImportedAs":["HH"]},{"eiModule":["Halogen","HTML","Events"],"eiImportType":{"Implicit":[]},"eiImportedAs":["HE"]},{"eiModule":["Halogen","HTML","Properties"],"eiImportType":{"Implicit":[]},"eiImportedAs":["HP"]},{"eiModule":["Math"],"eiImportType":{"Explicit":[{"ValueRef":[{"start":[14,14],"name":"C:\\Users\\Shashi\\juspay\\cube-rotation-narayan\\src\\Cube.purs","end":[14,17]},{"Ident":"cos"}]},{"ValueRef":[{"start":[14,19],"name":"C:\\Users\\Shashi\\juspay\\cube-rotation-narayan\\src\\Cube.purs","end":[14,22]},{"Ident":"sin"}]}]},"eiImportedAs":null},{"eiModule":["Svg","Attributes"],"eiImportType":{"Implicit":[]},"eiImportedAs":["SA"]},{"eiModule":["Svg","Elements"],"eiImportType":{"Implicit":[]},"eiImportedAs":["SE"]}],"efFixities":[],"efTypeFixities":[],"efDeclarations":[{"EDType":{"edTypeName":"Distance","edTypeKind":{"tag":"NamedKind","contents":[["Prim"],"Type"]},"edTypeDeclarationKind":"TypeSynonym"}},{"EDTypeSynonym":{"edTypeSynonymName":"Distance","edTypeSynonymArguments":[],"edTypeSynonymType":{"tag":"TypeConstructor","contents":[["Prim"],"Number"]}}},{"EDType":{"edTypeName":"Angle","edTypeKind":{"tag":"NamedKind","contents":[["Prim"],"Type"]},"edTypeDeclarationKind":"TypeSynonym"}},{"EDTypeSynonym":{"edTypeSynonymName":"Angle","edTypeSynonymArguments":[],"edTypeSynonymType":{"tag":"TypeConstructor","contents":[["Prim"],"Number"]}}},{"EDType":{"edTypeName":"Point2D","edTypeKind":{"tag":"NamedKind","contents":[["Prim"],"Type"]},"edTypeDeclarationKind":"TypeSynonym"}},{"EDTypeSynonym":{"edTypeSynonymName":"Point2D","edTypeSynonymArguments":[],"edTypeSynonymType":{"tag":"TypeApp","contents":[{"tag":"TypeConstructor","contents":[["Prim"],"Record"]},{"tag":"RCons","contents":["x",{"tag":"TypeConstructor","contents":[["Cube"],"Distance"]},{"tag":"RCons","contents":["y",{"tag":"TypeConstructor","contents":[["Cube"],"Distance"]},{"tag":"REmpty"}]}]}]}}},{"EDType":{"edTypeName":"Point3D","edTypeKind":{"tag":"NamedKind","contents":[["Prim"],"Type"]},"edTypeDeclarationKind":"TypeSynonym"}},{"EDTypeSynonym":{"edTypeSynonymName":"Point3D","edTypeSynonymArguments":[],"edTypeSynonymType":{"tag":"TypeApp","contents":[{"tag":"TypeConstructor","contents":[["Prim"],"Record"]},{"tag":"RCons","contents":["x",{"tag":"TypeConstructor","contents":[["Cube"],"Distance"]},{"tag":"RCons","contents":["y",{"tag":"TypeConstructor","contents":[["Cube"],"Distance"]},{"tag":"RCons","contents":["z",{"tag":"TypeConstructor","contents":[["Cube"],"Distance"]},{"tag":"REmpty"}]}]}]}]}}},{"EDType":{"edTypeName":"Edge","edTypeKind":{"tag":"NamedKind","contents":[["Prim"],"Type"]},"edTypeDeclarationKind":"TypeSynonym"}},{"EDTypeSynonym":{"edTypeSynonymName":"Edge","edTypeSynonymArguments":[],"edTypeSynonymType":{"tag":"TypeApp","contents":[{"tag":"TypeApp","contents":[{"tag":"TypeConstructor","contents":[["Data","Tuple"],"Tuple"]},{"tag":"TypeConstructor","contents":[["Prim"],"Int"]}]},{"tag":"TypeConstructor","contents":[["Prim"],"Int"]}]}}},{"EDType":{"edTypeName":"Shape","edTypeKind":{"tag":"NamedKind","contents":[["Prim"],"Type"]},"edTypeDeclarationKind":"TypeSynonym"}},{"EDTypeSynonym":{"edTypeSynonymName":"Shape","edTypeSynonymArguments":[],"edTypeSynonymType":{"tag":"TypeApp","contents":[{"tag":"TypeConstructor","contents":[["Prim"],"Record"]},{"tag":"RCons","contents":["vertices",{"tag":"TypeApp","contents":[{"tag":"TypeConstructor","contents":[["Prim"],"Array"]},{"tag":"TypeConstructor","contents":[["Cube"],"Point3D"]}]},{"tag":"RCons","contents":["edges",{"tag":"TypeApp","contents":[{"tag":"TypeConstructor","contents":[["Prim"],"Array"]},{"tag":"TypeConstructor","contents":[["Cube"],"Edge"]}]},{"tag":"REmpty"}]}]}]}}},{"EDType":{"edTypeName":"Angle3D","edTypeKind":{"tag":"NamedKind","contents":[["Prim"],"Type"]},"edTypeDeclarationKind":"TypeSynonym"}},{"EDTypeSynonym":{"edTypeSynonymName":"Angle3D","edTypeSynonymArguments":[],"edTypeSynonymType":{"tag":"TypeApp","contents":[{"tag":"TypeConstructor","contents":[["Prim"],"Record"]},{"tag":"RCons","contents":["xa",{"tag":"TypeConstructor","contents":[["Cube"],"Angle"]},{"tag":"RCons","contents":["ya",{"tag":"TypeConstructor","contents":[["Cube"],"Angle"]},{"tag":"RCons","contents":["za",{"tag":"TypeConstructor","contents":[["Cube"],"Angle"]},{"tag":"REmpty"}]}]}]}]}}},{"EDType":{"edTypeName":"AngVelocity3D","edTypeKind":{"tag":"NamedKind","contents":[["Prim"],"Type"]},"edTypeDeclarationKind":"TypeSynonym"}},{"EDTypeSynonym":{"edTypeSynonymName":"AngVelocity3D","edTypeSynonymArguments":[],"edTypeSynonymType":{"tag":"TypeConstructor","contents":[["Cube"],"Angle3D"]}}},{"EDType":{"edTypeName":"RotatingShape","edTypeKind":{"tag":"NamedKind","contents":[["Prim"],"Type"]},"edTypeDeclarationKind":"TypeSynonym"}},{"EDTypeSynonym":{"edTypeSynonymName":"RotatingShape","edTypeSynonymArguments":[],"edTypeSynonymType":{"tag":"TypeApp","contents":[{"tag":"TypeConstructor","contents":[["Prim"],"Record"]},{"tag":"RCons","contents":["shape",{"tag":"TypeConstructor","contents":[["Cube"],"Shape"]},{"tag":"RCons","contents":["angVel",{"tag":"TypeConstructor","contents":[["Cube"],"AngVelocity3D"]},{"tag":"RCons","contents":["forward",{"tag":"TypeConstructor","contents":[["Prim"],"Boolean"]},{"tag":"RCons","contents":["velocity",{"tag":"TypeConstructor","contents":[["Prim"],"Number"]},{"tag":"REmpty"}]}]}]}]}]}}},{"EDType":{"edTypeName":"Axis","edTypeKind":{"tag":"NamedKind","contents":[["Prim"],"Type"]},"edTypeDeclarationKind":{"DataType":{"args":[],"ctors":[["X",[]],["Y",[]],["Z",[]]]}}}},{"EDDataConstructor":{"edDataCtorName":"X","edDataCtorOrigin":"data","edDataCtorTypeCtor":"Axis","edDataCtorType":{"tag":"TypeConstructor","contents":[["Cube"],"Axis"]},"edDataCtorFields":[]}},{"EDDataConstructor":{"edDataCtorName":"Y","edDataCtorOrigin":"data","edDataCtorTypeCtor":"Axis","edDataCtorType":{"tag":"TypeConstructor","contents":[["Cube"],"Axis"]},"edDataCtorFields":[]}},{"EDDataConstructor":{"edDataCtorName":"Z","edDataCtorOrigin":"data","edDataCtorTypeCtor":"Axis","edDataCtorType":{"tag":"TypeConstructor","contents":[["Cube"],"Axis"]},"edDataCtorFields":[]}},{"EDType":{"edTypeName":"State","edTypeKind":{"tag":"NamedKind","contents":[["Prim"],"Type"]},"edTypeDeclarationKind":"TypeSynonym"}},{"EDTypeSynonym":{"edTypeSynonymName":"State","edTypeSynonymArguments":[],"edTypeSynonymType":{"tag":"TypeConstructor","contents":[["Cube"],"RotatingShape"]}}},{"EDValue":{"edValueName":{"Ident":"viewBoxSize"},"edValueType":{"tag":"TypeConstructor","contents":[["Prim"],"Number"]}}},{"EDValue":{"edValueName":{"Ident":"viewCenter"},"edValueType":{"tag":"TypeApp","contents":[{"tag":"TypeConstructor","contents":[["Prim"],"Record"]},{"tag":"RCons","contents":["x",{"tag":"TypeConstructor","contents":[["Prim"],"Number"]},{"tag":"RCons","contents":["y",{"tag":"TypeConstructor","contents":[["Prim"],"Number"]},{"tag":"REmpty"}]}]}]}}},{"EDValue":{"edValueName":{"Ident":"frameRate"},"edValueType":{"tag":"TypeConstructor","contents":[["Prim"],"Number"]}}},{"EDValue":{"edValueName":{"Ident":"oneDegInRad"},"edValueType":{"tag":"TypeConstructor","contents":[["Prim"],"Number"]}}},{"EDValue":{"edValueName":{"Ident":"tenDegInRad"},"edValueType":{"tag":"TypeConstructor","contents":[["Prim"],"Number"]}}},{"EDValue":{"edValueName":{"Ident":"accelerateBy"},"edValueType":{"tag":"TypeConstructor","contents":[["Prim"],"Number"]}}},{"EDValue":{"edValueName":{"Ident":"dampenPercent"},"edValueType":{"tag":"TypeConstructor","contents":[["Prim"],"Number"]}}},{"EDValue":{"edValueName":{"Ident":"initCube"},"edValueType":{"tag":"TypeApp","contents":[{"tag":"TypeConstructor","contents":[["Prim"],"Record"]},{"tag":"RCons","contents":["shape",{"tag":"TypeApp","contents":[{"tag":"TypeConstructor","contents":[["Prim"],"Record"]},{"tag":"RCons","contents":["vertices",{"tag":"TypeApp","contents":[{"tag":"TypeConstructor","contents":[["Prim"],"Array"]},{"tag":"TypeApp","contents":[{"tag":"TypeConstructor","contents":[["Prim"],"Record"]},{"tag":"RCons","contents":["x",{"tag":"TypeConstructor","contents":[["Prim"],"Number"]},{"tag":"RCons","contents":["y",{"tag":"TypeConstructor","contents":[["Prim"],"Number"]},{"tag":"RCons","contents":["z",{"tag":"TypeConstructor","contents":[["Prim"],"Number"]},{"tag":"REmpty"}]}]}]}]}]},{"tag":"RCons","contents":["edges",{"tag":"TypeApp","contents":[{"tag":"TypeConstructor","contents":[["Prim"],"Array"]},{"tag":"TypeApp","contents":[{"tag":"TypeApp","contents":[{"tag":"TypeConstructor","contents":[["Data","Tuple"],"Tuple"]},{"tag":"TypeConstructor","contents":[["Prim"],"Int"]}]},{"tag":"TypeConstructor","contents":[["Prim"],"Int"]}]}]},{"tag":"REmpty"}]}]}]},{"tag":"RCons","contents":["angVel",{"tag":"TypeApp","contents":[{"tag":"TypeConstructor","contents":[["Prim"],"Record"]},{"tag":"RCons","contents":["xa",{"tag":"TypeConstructor","contents":[["Prim"],"Number"]},{"tag":"RCons","contents":["ya",{"tag":"TypeConstructor","contents":[["Prim"],"Number"]},{"tag":"RCons","contents":["za",{"tag":"TypeConstructor","contents":[["Prim"],"Number"]},{"tag":"REmpty"}]}]}]}]},{"tag":"RCons","contents":["forward",{"tag":"TypeConstructor","contents":[["Prim"],"Boolean"]},{"tag":"RCons","contents":["velocity",{"tag":"TypeConstructor","contents":[["Prim"],"Number"]},{"tag":"REmpty"}]}]}]}]}]}}},{"EDType":{"edTypeName":"Query","edTypeKind":{"tag":"FunKind","contents":[{"tag":"NamedKind","contents":[["Prim"],"Type"]},{"tag":"NamedKind","contents":[["Prim"],"Type"]}]},"edTypeDeclarationKind":{"DataType":{"args":[["a",{"tag":"NamedKind","contents":[["Prim"],"Type"]}]],"ctors":[["Tick",[{"tag":"TypeVar","contents":"a"}]],["IncAngVelocity",[{"tag":"TypeConstructor","contents":[["Cube"],"Axis"]},{"tag":"TypeVar","contents":"a"}]],["Reversefun",[{"tag":"TypeConstructor","contents":[["Cube"],"Axis"]},{"tag":"TypeVar","contents":"a"}]],["VelInc",[{"tag":"TypeConstructor","contents":[["Cube"],"Axis"]},{"tag":"TypeVar","contents":"a"}]],["Veldec",[{"tag":"TypeConstructor","contents":[["Cube"],"Axis"]},{"tag":"TypeVar","contents":"a"}]]]}}}},{"EDDataConstructor":{"edDataCtorName":"Tick","edDataCtorOrigin":"data","edDataCtorTypeCtor":"Query","edDataCtorType":{"tag":"ForAll","contents":["a",{"tag":"TypeApp","contents":[{"tag":"TypeApp","contents":[{"tag":"TypeConstructor","contents":[["Prim"],"Function"]},{"tag":"TypeVar","contents":"a"}]},{"tag":"TypeApp","contents":[{"tag":"TypeConstructor","contents":[["Cube"],"Query"]},{"tag":"TypeVar","contents":"a"}]}]},null]},"edDataCtorFields":[{"Ident":"value0"}]}},{"EDDataConstructor":{"edDataCtorName":"IncAngVelocity","edDataCtorOrigin":"data","edDataCtorTypeCtor":"Query","edDataCtorType":{"tag":"ForAll","contents":["a",{"tag":"TypeApp","contents":[{"tag":"TypeApp","contents":[{"tag":"TypeConstructor","contents":[["Prim"],"Function"]},{"tag":"TypeConstructor","contents":[["Cube"],"Axis"]}]},{"tag":"TypeApp","contents":[{"tag":"TypeApp","contents":[{"tag":"TypeConstructor","contents":[["Prim"],"Function"]},{"tag":"TypeVar","contents":"a"}]},{"tag":"TypeApp","contents":[{"tag":"TypeConstructor","contents":[["Cube"],"Query"]},{"tag":"TypeVar","contents":"a"}]}]}]},null]},"edDataCtorFields":[{"Ident":"value0"},{"Ident":"value1"}]}},{"EDDataConstructor":{"edDataCtorName":"Reversefun","edDataCtorOrigin":"data","edDataCtorTypeCtor":"Query","edDataCtorType":{"tag":"ForAll","contents":["a",{"tag":"TypeApp","contents":[{"tag":"TypeApp","contents":[{"tag":"TypeConstructor","contents":[["Prim"],"Function"]},{"tag":"TypeConstructor","contents":[["Cube"],"Axis"]}]},{"tag":"TypeApp","contents":[{"tag":"TypeApp","contents":[{"tag":"TypeConstructor","contents":[["Prim"],"Function"]},{"tag":"TypeVar","contents":"a"}]},{"tag":"TypeApp","contents":[{"tag":"TypeConstructor","contents":[["Cube"],"Query"]},{"tag":"TypeVar","contents":"a"}]}]}]},null]},"edDataCtorFields":[{"Ident":"value0"},{"Ident":"value1"}]}},{"EDDataConstructor":{"edDataCtorName":"VelInc","edDataCtorOrigin":"data","edDataCtorTypeCtor":"Query","edDataCtorType":{"tag":"ForAll","contents":["a",{"tag":"TypeApp","contents":[{"tag":"TypeApp","contents":[{"tag":"TypeConstructor","contents":[["Prim"],"Function"]},{"tag":"TypeConstructor","contents":[["Cube"],"Axis"]}]},{"tag":"TypeApp","contents":[{"tag":"TypeApp","contents":[{"tag":"TypeConstructor","contents":[["Prim"],"Function"]},{"tag":"TypeVar","contents":"a"}]},{"tag":"TypeApp","contents":[{"tag":"TypeConstructor","contents":[["Cube"],"Query"]},{"tag":"TypeVar","contents":"a"}]}]}]},null]},"edDataCtorFields":[{"Ident":"value0"},{"Ident":"value1"}]}},{"EDDataConstructor":{"edDataCtorName":"Veldec","edDataCtorOrigin":"data","edDataCtorTypeCtor":"Query","edDataCtorType":{"tag":"ForAll","contents":["a",{"tag":"TypeApp","contents":[{"tag":"TypeApp","contents":[{"tag":"TypeConstructor","contents":[["Prim"],"Function"]},{"tag":"TypeConstructor","contents":[["Cube"],"Axis"]}]},{"tag":"TypeApp","contents":[{"tag":"TypeApp","contents":[{"tag":"TypeConstructor","contents":[["Prim"],"Function"]},{"tag":"TypeVar","contents":"a"}]},{"tag":"TypeApp","contents":[{"tag":"TypeConstructor","contents":[["Cube"],"Query"]},{"tag":"TypeVar","contents":"a"}]}]}]},null]},"edDataCtorFields":[{"Ident":"value0"},{"Ident":"value1"}]}},{"EDValue":{"edValueName":{"Ident":"cubes"},"edValueType":{"tag":"ForAll","contents":["eff",{"tag":"TypeApp","contents":[{"tag":"TypeApp","contents":[{"tag":"TypeApp","contents":[{"tag":"TypeApp","contents":[{"tag":"TypeApp","contents":[{"tag":"TypeConstructor","contents":[["Halogen","Component"],"Component"]},{"tag":"TypeConstructor","contents":[["Halogen","HTML","Core"],"HTML"]}]},{"tag":"TypeConstructor","contents":[["Cube"],"Query"]}]},{"tag":"TypeConstructor","contents":[["Data","Unit"],"Unit"]}]},{"tag":"TypeConstructor","contents":[["Data","Unit"],"Unit"]}]},{"tag":"TypeApp","contents":[{"tag":"TypeConstructor","contents":[["Control","Monad","Aff"],"Aff"]},{"tag":"RCons","contents":["console",{"tag":"TypeConstructor","contents":[["Control","Monad","Eff","Console"],"CONSOLE"]},{"tag":"TypeVar","contents":"eff"}]}]}]},0]}}},{"EDValue":{"edValueName":{"Ident":"rotateShape"},"edValueType":{"tag":"TypeApp","contents":[{"tag":"TypeApp","contents":[{"tag":"TypeConstructor","contents":[["Prim"],"Function"]},{"tag":"TypeApp","contents":[{"tag":"TypeConstructor","contents":[["Prim"],"Array"]},{"tag":"TypeApp","contents":[{"tag":"TypeConstructor","contents":[["Prim"],"Record"]},{"tag":"RCons","contents":["x",{"tag":"TypeConstructor","contents":[["Prim"],"Number"]},{"tag":"RCons","contents":["y",{"tag":"TypeConstructor","contents":[["Prim"],"Number"]},{"tag":"RCons","contents":["z",{"tag":"TypeConstructor","contents":[["Prim"],"Number"]},{"tag":"REmpty"}]}]}]}]}]}]},{"tag":"TypeApp","contents":[{"tag":"TypeApp","contents":[{"tag":"TypeConstructor","contents":[["Prim"],"Function"]},{"tag":"TypeApp","contents":[{"tag":"TypeConstructor","contents":[["Prim"],"Record"]},{"tag":"RCons","contents":["xa",{"tag":"TypeConstructor","contents":[["Prim"],"Number"]},{"tag":"RCons","contents":["ya",{"tag":"TypeConstructor","contents":[["Prim"],"Number"]},{"tag":"RCons","contents":["za",{"tag":"TypeConstructor","contents":[["Prim"],"Number"]},{"tag":"REmpty"}]}]}]}]}]},{"tag":"TypeApp","contents":[{"tag":"TypeConstructor","contents":[["Prim"],"Array"]},{"tag":"TypeApp","contents":[{"tag":"TypeConstructor","contents":[["Prim"],"Record"]},{"tag":"RCons","contents":["x",{"tag":"TypeConstructor","contents":[["Prim"],"Number"]},{"tag":"RCons","contents":["y",{"tag":"TypeConstructor","contents":[["Prim"],"Number"]},{"tag":"RCons","contents":["z",{"tag":"TypeConstructor","contents":[["Prim"],"Number"]},{"tag":"REmpty"}]}]}]}]}]}]}]}}},{"EDValue":{"edValueName":{"Ident":"rotate"},"edValueType":{"tag":"TypeApp","contents":[{"tag":"TypeApp","contents":[{"tag":"TypeConstructor","contents":[["Prim"],"Function"]},{"tag":"TypeApp","contents":[{"tag":"TypeConstructor","contents":[["Prim"],"Record"]},{"tag":"RCons","contents":["xa",{"tag":"TypeConstructor","contents":[["Prim"],"Number"]},{"tag":"RCons","contents":["ya",{"tag":"TypeConstructor","contents":[["Prim"],"Number"]},{"tag":"RCons","contents":["za",{"tag":"TypeConstructor","contents":[["Prim"],"Number"]},{"tag":"REmpty"}]}]}]}]}]},{"tag":"TypeApp","contents":[{"tag":"TypeApp","contents":[{"tag":"TypeConstructor","contents":[["Prim"],"Function"]},{"tag":"TypeApp","contents":[{"tag":"TypeConstructor","contents":[["Prim"],"Record"]},{"tag":"RCons","contents":["x",{"tag":"TypeConstructor","contents":[["Prim"],"Number"]},{"tag":"RCons","contents":["y",{"tag":"TypeConstructor","contents":[["Prim"],"Number"]},{"tag":"RCons","contents":["z",{"tag":"TypeConstructor","contents":[["Prim"],"Number"]},{"tag":"REmpty"}]}]}]}]}]},{"tag":"TypeApp","contents":[{"tag":"TypeConstructor","contents":[["Prim"],"Record"]},{"tag":"RCons","contents":["x",{"tag":"TypeConstructor","contents":[["Prim"],"Number"]},{"tag":"RCons","contents":["y",{"tag":"TypeConstructor","contents":[["Prim"],"Number"]},{"tag":"RCons","contents":["z",{"tag":"TypeConstructor","contents":[["Prim"],"Number"]},{"tag":"REmpty"}]}]}]}]}]}]}}},{"EDValue":{"edValueName":{"Ident":"anglePerFrame"},"edValueType":{"tag":"TypeApp","contents":[{"tag":"TypeApp","contents":[{"tag":"TypeConstructor","contents":[["Prim"],"Function"]},{"tag":"TypeApp","contents":[{"tag":"TypeConstructor","contents":[["Prim"],"Record"]},{"tag":"RCons","contents":["xa",{"tag":"TypeConstructor","contents":[["Prim"],"Number"]},{"tag":"RCons","contents":["ya",{"tag":"TypeConstructor","contents":[["Prim"],"Number"]},{"tag":"RCons","contents":["za",{"tag":"TypeConstructor","contents":[["Prim"],"Number"]},{"tag":"REmpty"}]}]}]}]}]},{"tag":"TypeApp","contents":[{"tag":"TypeConstructor","contents":[["Prim"],"Record"]},{"tag":"RCons","contents":["xa",{"tag":"TypeConstructor","contents":[["Prim"],"Number"]},{"tag":"RCons","contents":["ya",{"tag":"TypeConstructor","contents":[["Prim"],"Number"]},{"tag":"RCons","contents":["za",{"tag":"TypeConstructor","contents":[["Prim"],"Number"]},{"tag":"REmpty"}]}]}]}]}]}}},{"EDValue":{"edValueName":{"Ident":"dampenAngVelocity"},"edValueType":{"tag":"TypeApp","contents":[{"tag":"TypeApp","contents":[{"tag":"TypeConstructor","contents":[["Prim"],"Function"]},{"tag":"TypeApp","contents":[{"tag":"TypeConstructor","contents":[["Prim"],"Record"]},{"tag":"RCons","contents":["xa",{"tag":"TypeConstructor","contents":[["Prim"],"Number"]},{"tag":"RCons","contents":["ya",{"tag":"TypeConstructor","contents":[["Prim"],"Number"]},{"tag":"RCons","contents":["za",{"tag":"TypeConstructor","contents":[["Prim"],"Number"]},{"tag":"REmpty"}]}]}]}]}]},{"tag":"TypeApp","contents":[{"tag":"TypeConstructor","contents":[["Prim"],"Record"]},{"tag":"RCons","contents":["xa",{"tag":"TypeConstructor","contents":[["Prim"],"Number"]},{"tag":"RCons","contents":["ya",{"tag":"TypeConstructor","contents":[["Prim"],"Number"]},{"tag":"RCons","contents":["za",{"tag":"TypeConstructor","contents":[["Prim"],"Number"]},{"tag":"REmpty"}]}]}]}]}]}}},{"EDValue":{"edValueName":{"Ident":"renderView"},"edValueType":{"tag":"TypeApp","contents":[{"tag":"TypeApp","contents":[{"tag":"TypeConstructor","contents":[["Prim"],"Function"]},{"tag":"TypeApp","contents":[{"tag":"TypeConstructor","contents":[["Prim"],"Record"]},{"tag":"RCons","contents":["shape",{"tag":"TypeApp","contents":[{"tag":"TypeConstructor","contents":[["Prim"],"Record"]},{"tag":"RCons","contents":["vertices",{"tag":"TypeApp","contents":[{"tag":"TypeConstructor","contents":[["Prim"],"Array"]},{"tag":"TypeApp","contents":[{"tag":"TypeConstructor","contents":[["Prim"],"Record"]},{"tag":"RCons","contents":["x",{"tag":"TypeConstructor","contents":[["Prim"],"Number"]},{"tag":"RCons","contents":["y",{"tag":"TypeConstructor","contents":[["Prim"],"Number"]},{"tag":"RCons","contents":["z",{"tag":"TypeConstructor","contents":[["Prim"],"Number"]},{"tag":"REmpty"}]}]}]}]}]},{"tag":"RCons","contents":["edges",{"tag":"TypeApp","contents":[{"tag":"TypeConstructor","contents":[["Prim"],"Array"]},{"tag":"TypeApp","contents":[{"tag":"TypeApp","contents":[{"tag":"TypeConstructor","contents":[["Data","Tuple"],"Tuple"]},{"tag":"TypeConstructor","contents":[["Prim"],"Int"]}]},{"tag":"TypeConstructor","contents":[["Prim"],"Int"]}]}]},{"tag":"REmpty"}]}]}]},{"tag":"RCons","contents":["angVel",{"tag":"TypeApp","contents":[{"tag":"TypeConstructor","contents":[["Prim"],"Record"]},{"tag":"RCons","contents":["xa",{"tag":"TypeConstructor","contents":[["Prim"],"Number"]},{"tag":"RCons","contents":["ya",{"tag":"TypeConstructor","contents":[["Prim"],"Number"]},{"tag":"RCons","contents":["za",{"tag":"TypeConstructor","contents":[["Prim"],"Number"]},{"tag":"REmpty"}]}]}]}]},{"tag":"RCons","contents":["forward",{"tag":"TypeConstructor","contents":[["Prim"],"Boolean"]},{"tag":"RCons","contents":["velocity",{"tag":"TypeConstructor","contents":[["Prim"],"Number"]},{"tag":"REmpty"}]}]}]}]}]}]},{"tag":"TypeApp","contents":[{"tag":"TypeApp","contents":[{"tag":"TypeConstructor","contents":[["Halogen","HTML","Core"],"HTML"]},{"tag":"TypeConstructor","contents":[["Data","Void"],"Void"]}]},{"tag":"TypeApp","contents":[{"tag":"TypeConstructor","contents":[["Cube"],"Query"]},{"tag":"TypeConstructor","contents":[["Data","Unit"],"Unit"]}]}]}]}}},{"EDValue":{"edValueName":{"Ident":"converToString"},"edValueType":{"tag":"TypeApp","contents":[{"tag":"TypeApp","contents":[{"tag":"TypeConstructor","contents":[["Prim"],"Function"]},{"tag":"TypeConstructor","contents":[["Prim"],"Boolean"]}]},{"tag":"TypeConstructor","contents":[["Prim"],"String"]}]}}}],"efSourceSpan":{"start":[1,1],"name":"C:\\Users\\Shashi\\juspay\\cube-rotation-narayan\\src\\Cube.purs","end":[342,24]}}