{"efVersion":"0.11.7","efModuleName":["Data","Lens","Lens","Void"],"efExports":[{"ValueRef":[{"start":[1,1],"name":"C:\\Users\\Shashi\\juspay\\cube-rotation-narayan\\bower_components\\purescript-profunctor-lenses\\src\\Data\\Lens\\Lens\\Void.purs","end":[10,22]},{"Ident":"devoid"}]}],"efImports":[{"eiModule":["Prim"],"eiImportType":{"Implicit":[]},"eiImportedAs":["Prim"]},{"eiModule":["Prim"],"eiImportType":{"Implicit":[]},"eiImportedAs":null},{"eiModule":["Prelude"],"eiImportType":{"Explicit":[{"ValueRef":[{"start":[3,17],"name":"C:\\Users\\Shashi\\juspay\\cube-rotation-narayan\\bower_components\\purescript-profunctor-lenses\\src\\Data\\Lens\\Lens\\Void.purs","end":[3,22]},{"Ident":"const"}]}]},"eiImportedAs":null},{"eiModule":["Data","Lens","Lens"],"eiImportType":{"Explicit":[{"TypeRef":[{"start":[5,24],"name":"C:\\Users\\Shashi\\juspay\\cube-rotation-narayan\\bower_components\\purescript-profunctor-lenses\\src\\Data\\Lens\\Lens\\Void.purs","end":[5,29]},"Lens'",[]]},{"ValueRef":[{"start":[5,31],"name":"C:\\Users\\Shashi\\juspay\\cube-rotation-narayan\\bower_components\\purescript-profunctor-lenses\\src\\Data\\Lens\\Lens\\Void.purs","end":[5,35]},{"Ident":"lens"}]}]},"eiImportedAs":null},{"eiModule":["Data","Void"],"eiImportType":{"Explicit":[{"TypeRef":[{"start":[6,19],"name":"C:\\Users\\Shashi\\juspay\\cube-rotation-narayan\\bower_components\\purescript-profunctor-lenses\\src\\Data\\Lens\\Lens\\Void.purs","end":[6,23]},"Void",[]]},{"ValueRef":[{"start":[6,25],"name":"C:\\Users\\Shashi\\juspay\\cube-rotation-narayan\\bower_components\\purescript-profunctor-lenses\\src\\Data\\Lens\\Lens\\Void.purs","end":[6,31]},{"Ident":"absurd"}]}]},"eiImportedAs":null}],"efFixities":[],"efTypeFixities":[],"efDeclarations":[{"EDValue":{"edValueName":{"Ident":"devoid"},"edValueType":{"tag":"ForAll","contents":["a",{"tag":"ForAll","contents":["p",{"tag":"ConstrainedType","contents":[{"constraintClass":[["Data","Profunctor","Strong"],"Strong"],"constraintArgs":[{"tag":"TypeVar","contents":"p"}],"constraintData":null},{"tag":"TypeApp","contents":[{"tag":"TypeApp","contents":[{"tag":"TypeConstructor","contents":[["Prim"],"Function"]},{"tag":"TypeApp","contents":[{"tag":"TypeApp","contents":[{"tag":"TypeVar","contents":"p"},{"tag":"TypeVar","contents":"a"}]},{"tag":"TypeVar","contents":"a"}]}]},{"tag":"TypeApp","contents":[{"tag":"TypeApp","contents":[{"tag":"TypeVar","contents":"p"},{"tag":"TypeConstructor","contents":[["Data","Void"],"Void"]}]},{"tag":"TypeConstructor","contents":[["Data","Void"],"Void"]}]}]}]},0]},1]}}}],"efSourceSpan":{"start":[1,1],"name":"C:\\Users\\Shashi\\juspay\\cube-rotation-narayan\\bower_components\\purescript-profunctor-lenses\\src\\Data\\Lens\\Lens\\Void.purs","end":[10,22]}}