{"efVersion":"0.11.7","efModuleName":["Control","Parallel"],"efExports":[{"ReExportRef":[{"start":[1,1],"name":"C:\\Users\\Shashi\\juspay\\cube-rotation-narayan\\bower_components\\purescript-parallel\\src\\Control\\Parallel.purs","end":[87,56]},["Control","Parallel","Class"],{"TypeRef":[{"start":[1,1],"name":"C:\\Users\\Shashi\\juspay\\cube-rotation-narayan\\bower_components\\purescript-parallel\\src\\Control\\Parallel.purs","end":[87,56]},"ParCont",["ParCont"]]}]},{"ReExportRef":[{"start":[1,1],"name":"C:\\Users\\Shashi\\juspay\\cube-rotation-narayan\\bower_components\\purescript-parallel\\src\\Control\\Parallel.purs","end":[87,56]},["Control","Parallel","Class"],{"TypeClassRef":[{"start":[1,1],"name":"C:\\Users\\Shashi\\juspay\\cube-rotation-narayan\\bower_components\\purescript-parallel\\src\\Control\\Parallel.purs","end":[87,56]},"Parallel"]}]},{"ReExportRef":[{"start":[1,1],"name":"C:\\Users\\Shashi\\juspay\\cube-rotation-narayan\\bower_components\\purescript-parallel\\src\\Control\\Parallel.purs","end":[87,56]},["Control","Parallel","Class"],{"ValueRef":[{"start":[1,1],"name":"C:\\Users\\Shashi\\juspay\\cube-rotation-narayan\\bower_components\\purescript-parallel\\src\\Control\\Parallel.purs","end":[87,56]},{"Ident":"parallel"}]}]},{"ReExportRef":[{"start":[1,1],"name":"C:\\Users\\Shashi\\juspay\\cube-rotation-narayan\\bower_components\\purescript-parallel\\src\\Control\\Parallel.purs","end":[87,56]},["Control","Parallel","Class"],{"ValueRef":[{"start":[1,1],"name":"C:\\Users\\Shashi\\juspay\\cube-rotation-narayan\\bower_components\\purescript-parallel\\src\\Control\\Parallel.purs","end":[87,56]},{"Ident":"sequential"}]}]},{"ValueRef":[{"start":[1,1],"name":"C:\\Users\\Shashi\\juspay\\cube-rotation-narayan\\bower_components\\purescript-parallel\\src\\Control\\Parallel.purs","end":[87,56]},{"Ident":"parTraverse"}]},{"ValueRef":[{"start":[1,1],"name":"C:\\Users\\Shashi\\juspay\\cube-rotation-narayan\\bower_components\\purescript-parallel\\src\\Control\\Parallel.purs","end":[87,56]},{"Ident":"parTraverse_"}]},{"ValueRef":[{"start":[1,1],"name":"C:\\Users\\Shashi\\juspay\\cube-rotation-narayan\\bower_components\\purescript-parallel\\src\\Control\\Parallel.purs","end":[87,56]},{"Ident":"parSequence"}]},{"ValueRef":[{"start":[1,1],"name":"C:\\Users\\Shashi\\juspay\\cube-rotation-narayan\\bower_components\\purescript-parallel\\src\\Control\\Parallel.purs","end":[87,56]},{"Ident":"parSequence_"}]},{"ValueRef":[{"start":[1,1],"name":"C:\\Users\\Shashi\\juspay\\cube-rotation-narayan\\bower_components\\purescript-parallel\\src\\Control\\Parallel.purs","end":[87,56]},{"Ident":"parOneOf"}]},{"ValueRef":[{"start":[1,1],"name":"C:\\Users\\Shashi\\juspay\\cube-rotation-narayan\\bower_components\\purescript-parallel\\src\\Control\\Parallel.purs","end":[87,56]},{"Ident":"parOneOfMap"}]},{"ValueRef":[{"start":[1,1],"name":"C:\\Users\\Shashi\\juspay\\cube-rotation-narayan\\bower_components\\purescript-parallel\\src\\Control\\Parallel.purs","end":[87,56]},{"Ident":"parApply"}]},{"ModuleRef":[{"start":[9,5],"name":"C:\\Users\\Shashi\\juspay\\cube-rotation-narayan\\bower_components\\purescript-parallel\\src\\Control\\Parallel.purs","end":[9,34]},["Control","Parallel","Class"]]}],"efImports":[{"eiModule":["Prim"],"eiImportType":{"Implicit":[]},"eiImportedAs":["Prim"]},{"eiModule":["Prim"],"eiImportType":{"Implicit":[]},"eiImportedAs":null},{"eiModule":["Prelude"],"eiImportType":{"Implicit":[]},"eiImportedAs":null},{"eiModule":["Control","Alternative"],"eiImportType":{"Explicit":[{"TypeClassRef":[{"start":[14,29],"name":"C:\\Users\\Shashi\\juspay\\cube-rotation-narayan\\bower_components\\purescript-parallel\\src\\Control\\Parallel.purs","end":[14,46]},"Alternative"]}]},"eiImportedAs":null},{"eiModule":["Control","Parallel","Class"],"eiImportType":{"Explicit":[{"TypeClassRef":[{"start":[15,32],"name":"C:\\Users\\Shashi\\juspay\\cube-rotation-narayan\\bower_components\\purescript-parallel\\src\\Control\\Parallel.purs","end":[15,46]},"Parallel"]},{"ValueRef":[{"start":[15,48],"name":"C:\\Users\\Shashi\\juspay\\cube-rotation-narayan\\bower_components\\purescript-parallel\\src\\Control\\Parallel.purs","end":[15,56]},{"Ident":"parallel"}]},{"ValueRef":[{"start":[15,58],"name":"C:\\Users\\Shashi\\juspay\\cube-rotation-narayan\\bower_components\\purescript-parallel\\src\\Control\\Parallel.purs","end":[15,68]},{"Ident":"sequential"}]},{"TypeRef":[{"start":[15,70],"name":"C:\\Users\\Shashi\\juspay\\cube-rotation-narayan\\bower_components\\purescript-parallel\\src\\Control\\Parallel.purs","end":[15,81]},"ParCont",null]}]},"eiImportedAs":null},{"eiModule":["Data","Foldable"],"eiImportType":{"Explicit":[{"TypeClassRef":[{"start":[17,23],"name":"C:\\Users\\Shashi\\juspay\\cube-rotation-narayan\\bower_components\\purescript-parallel\\src\\Control\\Parallel.purs","end":[17,37]},"Foldable"]},{"ValueRef":[{"start":[17,39],"name":"C:\\Users\\Shashi\\juspay\\cube-rotation-narayan\\bower_components\\purescript-parallel\\src\\Control\\Parallel.purs","end":[17,48]},{"Ident":"traverse_"}]},{"ValueRef":[{"start":[17,50],"name":"C:\\Users\\Shashi\\juspay\\cube-rotation-narayan\\bower_components\\purescript-parallel\\src\\Control\\Parallel.purs","end":[17,58]},{"Ident":"oneOfMap"}]}]},"eiImportedAs":null},{"eiModule":["Data","Traversable"],"eiImportType":{"Explicit":[{"TypeClassRef":[{"start":[18,26],"name":"C:\\Users\\Shashi\\juspay\\cube-rotation-narayan\\bower_components\\purescript-parallel\\src\\Control\\Parallel.purs","end":[18,43]},"Traversable"]},{"ValueRef":[{"start":[18,45],"name":"C:\\Users\\Shashi\\juspay\\cube-rotation-narayan\\bower_components\\purescript-parallel\\src\\Control\\Parallel.purs","end":[18,53]},{"Ident":"traverse"}]}]},"eiImportedAs":null}],"efFixities":[],"efTypeFixities":[],"efDeclarations":[{"EDValue":{"edValueName":{"Ident":"parTraverse"},"edValueType":{"tag":"ForAll","contents":["b",{"tag":"ForAll","contents":["a",{"tag":"ForAll","contents":["t",{"tag":"ForAll","contents":["m",{"tag":"ForAll","contents":["f",{"tag":"ConstrainedType","contents":[{"constraintClass":[["Control","Parallel","Class"],"Parallel"],"constraintArgs":[{"tag":"TypeVar","contents":"f"},{"tag":"TypeVar","contents":"m"}],"constraintData":null},{"tag":"ConstrainedType","contents":[{"constraintClass":[["Data","Traversable"],"Traversable"],"constraintArgs":[{"tag":"TypeVar","contents":"t"}],"constraintData":null},{"tag":"TypeApp","contents":[{"tag":"TypeApp","contents":[{"tag":"TypeConstructor","contents":[["Prim"],"Function"]},{"tag":"TypeApp","contents":[{"tag":"TypeApp","contents":[{"tag":"TypeConstructor","contents":[["Prim"],"Function"]},{"tag":"TypeVar","contents":"a"}]},{"tag":"TypeApp","contents":[{"tag":"TypeVar","contents":"m"},{"tag":"TypeVar","contents":"b"}]}]}]},{"tag":"TypeApp","contents":[{"tag":"TypeApp","contents":[{"tag":"TypeConstructor","contents":[["Prim"],"Function"]},{"tag":"TypeApp","contents":[{"tag":"TypeVar","contents":"t"},{"tag":"TypeVar","contents":"a"}]}]},{"tag":"TypeApp","contents":[{"tag":"TypeVar","contents":"m"},{"tag":"TypeApp","contents":[{"tag":"TypeVar","contents":"t"},{"tag":"TypeVar","contents":"b"}]}]}]}]}]}]},10]},11]},12]},13]},14]}}},{"EDValue":{"edValueName":{"Ident":"parTraverse_"},"edValueType":{"tag":"ForAll","contents":["b",{"tag":"ForAll","contents":["a",{"tag":"ForAll","contents":["t",{"tag":"ForAll","contents":["m",{"tag":"ForAll","contents":["f",{"tag":"ConstrainedType","contents":[{"constraintClass":[["Control","Parallel","Class"],"Parallel"],"constraintArgs":[{"tag":"TypeVar","contents":"f"},{"tag":"TypeVar","contents":"m"}],"constraintData":null},{"tag":"ConstrainedType","contents":[{"constraintClass":[["Data","Foldable"],"Foldable"],"constraintArgs":[{"tag":"TypeVar","contents":"t"}],"constraintData":null},{"tag":"TypeApp","contents":[{"tag":"TypeApp","contents":[{"tag":"TypeConstructor","contents":[["Prim"],"Function"]},{"tag":"TypeApp","contents":[{"tag":"TypeApp","contents":[{"tag":"TypeConstructor","contents":[["Prim"],"Function"]},{"tag":"TypeVar","contents":"a"}]},{"tag":"TypeApp","contents":[{"tag":"TypeVar","contents":"m"},{"tag":"TypeVar","contents":"b"}]}]}]},{"tag":"TypeApp","contents":[{"tag":"TypeApp","contents":[{"tag":"TypeConstructor","contents":[["Prim"],"Function"]},{"tag":"TypeApp","contents":[{"tag":"TypeVar","contents":"t"},{"tag":"TypeVar","contents":"a"}]}]},{"tag":"TypeApp","contents":[{"tag":"TypeVar","contents":"m"},{"tag":"TypeConstructor","contents":[["Data","Unit"],"Unit"]}]}]}]}]}]},0]},1]},2]},3]},4]}}},{"EDValue":{"edValueName":{"Ident":"parSequence"},"edValueType":{"tag":"ForAll","contents":["f",{"tag":"ForAll","contents":["m",{"tag":"ForAll","contents":["t",{"tag":"ForAll","contents":["a",{"tag":"ConstrainedType","contents":[{"constraintClass":[["Control","Parallel","Class"],"Parallel"],"constraintArgs":[{"tag":"TypeVar","contents":"f"},{"tag":"TypeVar","contents":"m"}],"constraintData":null},{"tag":"ConstrainedType","contents":[{"constraintClass":[["Data","Traversable"],"Traversable"],"constraintArgs":[{"tag":"TypeVar","contents":"t"}],"constraintData":null},{"tag":"TypeApp","contents":[{"tag":"TypeApp","contents":[{"tag":"TypeConstructor","contents":[["Prim"],"Function"]},{"tag":"TypeApp","contents":[{"tag":"TypeVar","contents":"t"},{"tag":"TypeApp","contents":[{"tag":"TypeVar","contents":"m"},{"tag":"TypeVar","contents":"a"}]}]}]},{"tag":"TypeApp","contents":[{"tag":"TypeVar","contents":"m"},{"tag":"TypeApp","contents":[{"tag":"TypeVar","contents":"t"},{"tag":"TypeVar","contents":"a"}]}]}]}]}]},28]},29]},30]},31]}}},{"EDValue":{"edValueName":{"Ident":"parSequence_"},"edValueType":{"tag":"ForAll","contents":["f",{"tag":"ForAll","contents":["m",{"tag":"ForAll","contents":["t",{"tag":"ForAll","contents":["a",{"tag":"ConstrainedType","contents":[{"constraintClass":[["Control","Parallel","Class"],"Parallel"],"constraintArgs":[{"tag":"TypeVar","contents":"f"},{"tag":"TypeVar","contents":"m"}],"constraintData":null},{"tag":"ConstrainedType","contents":[{"constraintClass":[["Data","Foldable"],"Foldable"],"constraintArgs":[{"tag":"TypeVar","contents":"t"}],"constraintData":null},{"tag":"TypeApp","contents":[{"tag":"TypeApp","contents":[{"tag":"TypeConstructor","contents":[["Prim"],"Function"]},{"tag":"TypeApp","contents":[{"tag":"TypeVar","contents":"t"},{"tag":"TypeApp","contents":[{"tag":"TypeVar","contents":"m"},{"tag":"TypeVar","contents":"a"}]}]}]},{"tag":"TypeApp","contents":[{"tag":"TypeVar","contents":"m"},{"tag":"TypeConstructor","contents":[["Data","Unit"],"Unit"]}]}]}]}]},20]},21]},22]},23]}}},{"EDValue":{"edValueName":{"Ident":"parOneOf"},"edValueType":{"tag":"ForAll","contents":["f",{"tag":"ForAll","contents":["m",{"tag":"ForAll","contents":["t",{"tag":"ForAll","contents":["a",{"tag":"ConstrainedType","contents":[{"constraintClass":[["Control","Parallel","Class"],"Parallel"],"constraintArgs":[{"tag":"TypeVar","contents":"f"},{"tag":"TypeVar","contents":"m"}],"constraintData":null},{"tag":"ConstrainedType","contents":[{"constraintClass":[["Control","Alternative"],"Alternative"],"constraintArgs":[{"tag":"TypeVar","contents":"f"}],"constraintData":null},{"tag":"ConstrainedType","contents":[{"constraintClass":[["Data","Foldable"],"Foldable"],"constraintArgs":[{"tag":"TypeVar","contents":"t"}],"constraintData":null},{"tag":"ConstrainedType","contents":[{"constraintClass":[["Data","Functor"],"Functor"],"constraintArgs":[{"tag":"TypeVar","contents":"t"}],"constraintData":null},{"tag":"TypeApp","contents":[{"tag":"TypeApp","contents":[{"tag":"TypeConstructor","contents":[["Prim"],"Function"]},{"tag":"TypeApp","contents":[{"tag":"TypeVar","contents":"t"},{"tag":"TypeApp","contents":[{"tag":"TypeVar","contents":"m"},{"tag":"TypeVar","contents":"a"}]}]}]},{"tag":"TypeApp","contents":[{"tag":"TypeVar","contents":"m"},{"tag":"TypeVar","contents":"a"}]}]}]}]}]}]},46]},47]},48]},49]}}},{"EDValue":{"edValueName":{"Ident":"parOneOfMap"},"edValueType":{"tag":"ForAll","contents":["f",{"tag":"ForAll","contents":["m",{"tag":"ForAll","contents":["t",{"tag":"ForAll","contents":["b",{"tag":"ForAll","contents":["a",{"tag":"ConstrainedType","contents":[{"constraintClass":[["Control","Parallel","Class"],"Parallel"],"constraintArgs":[{"tag":"TypeVar","contents":"f"},{"tag":"TypeVar","contents":"m"}],"constraintData":null},{"tag":"ConstrainedType","contents":[{"constraintClass":[["Control","Alternative"],"Alternative"],"constraintArgs":[{"tag":"TypeVar","contents":"f"}],"constraintData":null},{"tag":"ConstrainedType","contents":[{"constraintClass":[["Data","Foldable"],"Foldable"],"constraintArgs":[{"tag":"TypeVar","contents":"t"}],"constraintData":null},{"tag":"ConstrainedType","contents":[{"constraintClass":[["Data","Functor"],"Functor"],"constraintArgs":[{"tag":"TypeVar","contents":"t"}],"constraintData":null},{"tag":"TypeApp","contents":[{"tag":"TypeApp","contents":[{"tag":"TypeConstructor","contents":[["Prim"],"Function"]},{"tag":"TypeApp","contents":[{"tag":"TypeApp","contents":[{"tag":"TypeConstructor","contents":[["Prim"],"Function"]},{"tag":"TypeVar","contents":"a"}]},{"tag":"TypeApp","contents":[{"tag":"TypeVar","contents":"m"},{"tag":"TypeVar","contents":"b"}]}]}]},{"tag":"TypeApp","contents":[{"tag":"TypeApp","contents":[{"tag":"TypeConstructor","contents":[["Prim"],"Function"]},{"tag":"TypeApp","contents":[{"tag":"TypeVar","contents":"t"},{"tag":"TypeVar","contents":"a"}]}]},{"tag":"TypeApp","contents":[{"tag":"TypeVar","contents":"m"},{"tag":"TypeVar","contents":"b"}]}]}]}]}]}]}]},36]},37]},38]},39]},40]}}},{"EDValue":{"edValueName":{"Ident":"parApply"},"edValueType":{"tag":"ForAll","contents":["b",{"tag":"ForAll","contents":["a",{"tag":"ForAll","contents":["m",{"tag":"ForAll","contents":["f",{"tag":"ConstrainedType","contents":[{"constraintClass":[["Control","Parallel","Class"],"Parallel"],"constraintArgs":[{"tag":"TypeVar","contents":"f"},{"tag":"TypeVar","contents":"m"}],"constraintData":null},{"tag":"TypeApp","contents":[{"tag":"TypeApp","contents":[{"tag":"TypeConstructor","contents":[["Prim"],"Function"]},{"tag":"TypeApp","contents":[{"tag":"TypeVar","contents":"m"},{"tag":"TypeApp","contents":[{"tag":"TypeApp","contents":[{"tag":"TypeConstructor","contents":[["Prim"],"Function"]},{"tag":"TypeVar","contents":"a"}]},{"tag":"TypeVar","contents":"b"}]}]}]},{"tag":"TypeApp","contents":[{"tag":"TypeApp","contents":[{"tag":"TypeConstructor","contents":[["Prim"],"Function"]},{"tag":"TypeApp","contents":[{"tag":"TypeVar","contents":"m"},{"tag":"TypeVar","contents":"a"}]}]},{"tag":"TypeApp","contents":[{"tag":"TypeVar","contents":"m"},{"tag":"TypeVar","contents":"b"}]}]}]}]},54]},55]},56]},57]}}}],"efSourceSpan":{"start":[1,1],"name":"C:\\Users\\Shashi\\juspay\\cube-rotation-narayan\\bower_components\\purescript-parallel\\src\\Control\\Parallel.purs","end":[87,56]}}