{"efVersion":"0.11.7","efModuleName":["Control","Monad","Free"],"efExports":[{"TypeRef":[{"start":[1,1],"name":"C:\\Users\\Shashi\\juspay\\cube-rotation-narayan\\bower_components\\purescript-free\\src\\Control\\Monad\\Free.purs","end":[238,21]},"Free",[]]},{"ValueRef":[{"start":[1,1],"name":"C:\\Users\\Shashi\\juspay\\cube-rotation-narayan\\bower_components\\purescript-free\\src\\Control\\Monad\\Free.purs","end":[238,21]},{"Ident":"suspendF"}]},{"ValueRef":[{"start":[1,1],"name":"C:\\Users\\Shashi\\juspay\\cube-rotation-narayan\\bower_components\\purescript-free\\src\\Control\\Monad\\Free.purs","end":[238,21]},{"Ident":"wrap"}]},{"ValueRef":[{"start":[1,1],"name":"C:\\Users\\Shashi\\juspay\\cube-rotation-narayan\\bower_components\\purescript-free\\src\\Control\\Monad\\Free.purs","end":[238,21]},{"Ident":"liftF"}]},{"ValueRef":[{"start":[1,1],"name":"C:\\Users\\Shashi\\juspay\\cube-rotation-narayan\\bower_components\\purescript-free\\src\\Control\\Monad\\Free.purs","end":[238,21]},{"Ident":"hoistFree"}]},{"ValueRef":[{"start":[1,1],"name":"C:\\Users\\Shashi\\juspay\\cube-rotation-narayan\\bower_components\\purescript-free\\src\\Control\\Monad\\Free.purs","end":[238,21]},{"Ident":"foldFree"}]},{"ValueRef":[{"start":[1,1],"name":"C:\\Users\\Shashi\\juspay\\cube-rotation-narayan\\bower_components\\purescript-free\\src\\Control\\Monad\\Free.purs","end":[238,21]},{"Ident":"substFree"}]},{"ValueRef":[{"start":[1,1],"name":"C:\\Users\\Shashi\\juspay\\cube-rotation-narayan\\bower_components\\purescript-free\\src\\Control\\Monad\\Free.purs","end":[238,21]},{"Ident":"runFree"}]},{"ValueRef":[{"start":[1,1],"name":"C:\\Users\\Shashi\\juspay\\cube-rotation-narayan\\bower_components\\purescript-free\\src\\Control\\Monad\\Free.purs","end":[238,21]},{"Ident":"runFreeM"}]},{"ValueRef":[{"start":[1,1],"name":"C:\\Users\\Shashi\\juspay\\cube-rotation-narayan\\bower_components\\purescript-free\\src\\Control\\Monad\\Free.purs","end":[238,21]},{"Ident":"resume"}]},{"ValueRef":[{"start":[1,1],"name":"C:\\Users\\Shashi\\juspay\\cube-rotation-narayan\\bower_components\\purescript-free\\src\\Control\\Monad\\Free.purs","end":[238,21]},{"Ident":"resume'"}]},{"TypeInstanceRef":[{"start":[0,0],"name":"<generated>","end":[0,0]},{"Ident":"eqFree"}]},{"TypeInstanceRef":[{"start":[0,0],"name":"<generated>","end":[0,0]},{"Ident":"eq1Free"}]},{"TypeInstanceRef":[{"start":[0,0],"name":"<generated>","end":[0,0]},{"Ident":"ordFree"}]},{"TypeInstanceRef":[{"start":[0,0],"name":"<generated>","end":[0,0]},{"Ident":"ord1Free"}]},{"TypeInstanceRef":[{"start":[0,0],"name":"<generated>","end":[0,0]},{"Ident":"freeFunctor"}]},{"TypeInstanceRef":[{"start":[0,0],"name":"<generated>","end":[0,0]},{"Ident":"freeBind"}]},{"TypeInstanceRef":[{"start":[0,0],"name":"<generated>","end":[0,0]},{"Ident":"freeApplicative"}]},{"TypeInstanceRef":[{"start":[0,0],"name":"<generated>","end":[0,0]},{"Ident":"freeApply"}]},{"TypeInstanceRef":[{"start":[0,0],"name":"<generated>","end":[0,0]},{"Ident":"freeMonad"}]},{"TypeInstanceRef":[{"start":[0,0],"name":"<generated>","end":[0,0]},{"Ident":"freeMonadTrans"}]},{"TypeInstanceRef":[{"start":[0,0],"name":"<generated>","end":[0,0]},{"Ident":"freeMonadRec"}]},{"TypeInstanceRef":[{"start":[0,0],"name":"<generated>","end":[0,0]},{"Ident":"foldableFree"}]},{"TypeInstanceRef":[{"start":[0,0],"name":"<generated>","end":[0,0]},{"Ident":"traversableFree"}]}],"efImports":[{"eiModule":["Prim"],"eiImportType":{"Implicit":[]},"eiImportedAs":["Prim"]},{"eiModule":["Prim"],"eiImportType":{"Implicit":[]},"eiImportedAs":null},{"eiModule":["Prelude"],"eiImportType":{"Implicit":[]},"eiImportedAs":null},{"eiModule":["Control","Monad","Rec","Class"],"eiImportType":{"Explicit":[{"TypeClassRef":[{"start":[17,33],"name":"C:\\Users\\Shashi\\juspay\\cube-rotation-narayan\\bower_components\\purescript-free\\src\\Control\\Monad\\Free.purs","end":[17,47]},"MonadRec"]},{"TypeRef":[{"start":[17,49],"name":"C:\\Users\\Shashi\\juspay\\cube-rotation-narayan\\bower_components\\purescript-free\\src\\Control\\Monad\\Free.purs","end":[17,57]},"Step",null]},{"ValueRef":[{"start":[17,59],"name":"C:\\Users\\Shashi\\juspay\\cube-rotation-narayan\\bower_components\\purescript-free\\src\\Control\\Monad\\Free.purs","end":[17,67]},{"Ident":"tailRecM"}]}]},"eiImportedAs":null},{"eiModule":["Control","Monad","Trans","Class"],"eiImportType":{"Explicit":[{"TypeClassRef":[{"start":[18,35],"name":"C:\\Users\\Shashi\\juspay\\cube-rotation-narayan\\bower_components\\purescript-free\\src\\Control\\Monad\\Free.purs","end":[18,51]},"MonadTrans"]}]},"eiImportedAs":null},{"eiModule":["Data","CatList"],"eiImportType":{"Explicit":[{"TypeRef":[{"start":[20,22],"name":"C:\\Users\\Shashi\\juspay\\cube-rotation-narayan\\bower_components\\purescript-free\\src\\Control\\Monad\\Free.purs","end":[20,29]},"CatList",[]]},{"ValueRef":[{"start":[20,31],"name":"C:\\Users\\Shashi\\juspay\\cube-rotation-narayan\\bower_components\\purescript-free\\src\\Control\\Monad\\Free.purs","end":[20,36]},{"Ident":"empty"}]},{"ValueRef":[{"start":[20,38],"name":"C:\\Users\\Shashi\\juspay\\cube-rotation-narayan\\bower_components\\purescript-free\\src\\Control\\Monad\\Free.purs","end":[20,42]},{"Ident":"snoc"}]},{"ValueRef":[{"start":[20,44],"name":"C:\\Users\\Shashi\\juspay\\cube-rotation-narayan\\bower_components\\purescript-free\\src\\Control\\Monad\\Free.purs","end":[20,50]},{"Ident":"uncons"}]}]},"eiImportedAs":null},{"eiModule":["Data","Either"],"eiImportType":{"Explicit":[{"TypeRef":[{"start":[21,21],"name":"C:\\Users\\Shashi\\juspay\\cube-rotation-narayan\\bower_components\\purescript-free\\src\\Control\\Monad\\Free.purs","end":[21,31]},"Either",null]}]},"eiImportedAs":null},{"eiModule":["Data","Eq"],"eiImportType":{"Explicit":[{"TypeClassRef":[{"start":[22,17],"name":"C:\\Users\\Shashi\\juspay\\cube-rotation-narayan\\bower_components\\purescript-free\\src\\Control\\Monad\\Free.purs","end":[22,26]},"Eq1"]},{"ValueRef":[{"start":[22,28],"name":"C:\\Users\\Shashi\\juspay\\cube-rotation-narayan\\bower_components\\purescript-free\\src\\Control\\Monad\\Free.purs","end":[22,31]},{"Ident":"eq1"}]}]},"eiImportedAs":null},{"eiModule":["Data","Foldable"],"eiImportType":{"Explicit":[{"TypeClassRef":[{"start":[23,23],"name":"C:\\Users\\Shashi\\juspay\\cube-rotation-narayan\\bower_components\\purescript-free\\src\\Control\\Monad\\Free.purs","end":[23,37]},"Foldable"]},{"ValueRef":[{"start":[23,39],"name":"C:\\Users\\Shashi\\juspay\\cube-rotation-narayan\\bower_components\\purescript-free\\src\\Control\\Monad\\Free.purs","end":[23,46]},{"Ident":"foldMap"}]},{"ValueRef":[{"start":[23,48],"name":"C:\\Users\\Shashi\\juspay\\cube-rotation-narayan\\bower_components\\purescript-free\\src\\Control\\Monad\\Free.purs","end":[23,53]},{"Ident":"foldl"}]},{"ValueRef":[{"start":[23,55],"name":"C:\\Users\\Shashi\\juspay\\cube-rotation-narayan\\bower_components\\purescript-free\\src\\Control\\Monad\\Free.purs","end":[23,60]},{"Ident":"foldr"}]}]},"eiImportedAs":null},{"eiModule":["Data","Maybe"],"eiImportType":{"Explicit":[{"TypeRef":[{"start":[24,20],"name":"C:\\Users\\Shashi\\juspay\\cube-rotation-narayan\\bower_components\\purescript-free\\src\\Control\\Monad\\Free.purs","end":[24,29]},"Maybe",null]}]},"eiImportedAs":null},{"eiModule":["Data","Ord"],"eiImportType":{"Explicit":[{"TypeClassRef":[{"start":[25,18],"name":"C:\\Users\\Shashi\\juspay\\cube-rotation-narayan\\bower_components\\purescript-free\\src\\Control\\Monad\\Free.purs","end":[25,28]},"Ord1"]},{"ValueRef":[{"start":[25,30],"name":"C:\\Users\\Shashi\\juspay\\cube-rotation-narayan\\bower_components\\purescript-free\\src\\Control\\Monad\\Free.purs","end":[25,38]},{"Ident":"compare1"}]}]},"eiImportedAs":null},{"eiModule":["Data","Traversable"],"eiImportType":{"Explicit":[{"TypeClassRef":[{"start":[26,26],"name":"C:\\Users\\Shashi\\juspay\\cube-rotation-narayan\\bower_components\\purescript-free\\src\\Control\\Monad\\Free.purs","end":[26,43]},"Traversable"]},{"ValueRef":[{"start":[26,45],"name":"C:\\Users\\Shashi\\juspay\\cube-rotation-narayan\\bower_components\\purescript-free\\src\\Control\\Monad\\Free.purs","end":[26,53]},{"Ident":"traverse"}]}]},"eiImportedAs":null},{"eiModule":["Data","Tuple"],"eiImportType":{"Explicit":[{"TypeRef":[{"start":[27,20],"name":"C:\\Users\\Shashi\\juspay\\cube-rotation-narayan\\bower_components\\purescript-free\\src\\Control\\Monad\\Free.purs","end":[27,29]},"Tuple",null]}]},"eiImportedAs":null},{"eiModule":["Unsafe","Coerce"],"eiImportType":{"Explicit":[{"ValueRef":[{"start":[29,23],"name":"C:\\Users\\Shashi\\juspay\\cube-rotation-narayan\\bower_components\\purescript-free\\src\\Control\\Monad\\Free.purs","end":[29,35]},{"Ident":"unsafeCoerce"}]}]},"eiImportedAs":null}],"efFixities":[],"efTypeFixities":[],"efDeclarations":[{"EDType":{"edTypeName":"Free","edTypeKind":{"tag":"FunKind","contents":[{"tag":"FunKind","contents":[{"tag":"NamedKind","contents":[["Prim"],"Type"]},{"tag":"NamedKind","contents":[["Prim"],"Type"]}]},{"tag":"FunKind","contents":[{"tag":"NamedKind","contents":[["Prim"],"Type"]},{"tag":"NamedKind","contents":[["Prim"],"Type"]}]}]},"edTypeDeclarationKind":{"DataType":{"args":[["f",{"tag":"FunKind","contents":[{"tag":"NamedKind","contents":[["Prim"],"Type"]},{"tag":"NamedKind","contents":[["Prim"],"Type"]}]}],["a",{"tag":"NamedKind","contents":[["Prim"],"Type"]}]],"ctors":[["Free",[{"tag":"TypeApp","contents":[{"tag":"TypeApp","contents":[{"tag":"TypeApp","contents":[{"tag":"TypeConstructor","contents":[["Control","Monad","Free"],"FreeView"]},{"tag":"TypeVar","contents":"f"}]},{"tag":"TypeConstructor","contents":[["Control","Monad","Free"],"Val"]}]},{"tag":"TypeConstructor","contents":[["Control","Monad","Free"],"Val"]}]},{"tag":"TypeApp","contents":[{"tag":"TypeConstructor","contents":[["Data","CatList"],"CatList"]},{"tag":"TypeApp","contents":[{"tag":"TypeConstructor","contents":[["Control","Monad","Free"],"ExpF"]},{"tag":"TypeVar","contents":"f"}]}]}]]]}}}},{"EDValue":{"edValueName":{"Ident":"suspendF"},"edValueType":{"tag":"ForAll","contents":["f",{"tag":"ConstrainedType","contents":[{"constraintClass":[["Control","Applicative"],"Applicative"],"constraintArgs":[{"tag":"TypeVar","contents":"f"}],"constraintData":null},{"tag":"ForAll","contents":["a",{"tag":"TypeApp","contents":[{"tag":"TypeApp","contents":[{"tag":"TypeConstructor","contents":[["Prim"],"Function"]},{"tag":"TypeApp","contents":[{"tag":"TypeApp","contents":[{"tag":"TypeConstructor","contents":[["Control","Monad","Free"],"Free"]},{"tag":"TypeVar","contents":"f"}]},{"tag":"TypeVar","contents":"a"}]}]},{"tag":"TypeApp","contents":[{"tag":"TypeApp","contents":[{"tag":"TypeConstructor","contents":[["Control","Monad","Free"],"Free"]},{"tag":"TypeVar","contents":"f"}]},{"tag":"TypeVar","contents":"a"}]}]},118]}]},119]}}},{"EDValue":{"edValueName":{"Ident":"wrap"},"edValueType":{"tag":"ForAll","contents":["a",{"tag":"ForAll","contents":["f",{"tag":"TypeApp","contents":[{"tag":"TypeApp","contents":[{"tag":"TypeConstructor","contents":[["Prim"],"Function"]},{"tag":"TypeApp","contents":[{"tag":"TypeVar","contents":"f"},{"tag":"TypeApp","contents":[{"tag":"TypeApp","contents":[{"tag":"TypeConstructor","contents":[["Control","Monad","Free"],"Free"]},{"tag":"TypeVar","contents":"f"}]},{"tag":"TypeVar","contents":"a"}]}]}]},{"tag":"TypeApp","contents":[{"tag":"TypeApp","contents":[{"tag":"TypeConstructor","contents":[["Control","Monad","Free"],"Free"]},{"tag":"TypeVar","contents":"f"}]},{"tag":"TypeVar","contents":"a"}]}]},106]},107]}}},{"EDValue":{"edValueName":{"Ident":"liftF"},"edValueType":{"tag":"ForAll","contents":["f",{"tag":"ForAll","contents":["a",{"tag":"TypeApp","contents":[{"tag":"TypeApp","contents":[{"tag":"TypeConstructor","contents":[["Prim"],"Function"]},{"tag":"TypeApp","contents":[{"tag":"TypeVar","contents":"f"},{"tag":"TypeVar","contents":"a"}]}]},{"tag":"TypeApp","contents":[{"tag":"TypeApp","contents":[{"tag":"TypeConstructor","contents":[["Control","Monad","Free"],"Free"]},{"tag":"TypeVar","contents":"f"}]},{"tag":"TypeVar","contents":"a"}]}]},66]},67]}}},{"EDValue":{"edValueName":{"Ident":"hoistFree"},"edValueType":{"tag":"ForAll","contents":["g",{"tag":"ForAll","contents":["f",{"tag":"TypeApp","contents":[{"tag":"TypeApp","contents":[{"tag":"TypeConstructor","contents":[["Prim"],"Function"]},{"tag":"ForAll","contents":["a",{"tag":"TypeApp","contents":[{"tag":"TypeApp","contents":[{"tag":"TypeConstructor","contents":[["Prim"],"Function"]},{"tag":"TypeApp","contents":[{"tag":"TypeVar","contents":"f"},{"tag":"TypeVar","contents":"a"}]}]},{"tag":"TypeApp","contents":[{"tag":"TypeVar","contents":"g"},{"tag":"TypeVar","contents":"a"}]}]},78]}]},{"tag":"ForAll","contents":["a",{"tag":"TypeApp","contents":[{"tag":"TypeApp","contents":[{"tag":"TypeConstructor","contents":[["Prim"],"Function"]},{"tag":"TypeApp","contents":[{"tag":"TypeApp","contents":[{"tag":"TypeConstructor","contents":[["Control","Monad","Free"],"Free"]},{"tag":"TypeVar","contents":"f"}]},{"tag":"TypeVar","contents":"a"}]}]},{"tag":"TypeApp","contents":[{"tag":"TypeApp","contents":[{"tag":"TypeConstructor","contents":[["Control","Monad","Free"],"Free"]},{"tag":"TypeVar","contents":"g"}]},{"tag":"TypeVar","contents":"a"}]}]},79]}]},80]},81]}}},{"EDValue":{"edValueName":{"Ident":"foldFree"},"edValueType":{"tag":"ForAll","contents":["m",{"tag":"ForAll","contents":["f",{"tag":"ConstrainedType","contents":[{"constraintClass":[["Control","Monad","Rec","Class"],"MonadRec"],"constraintArgs":[{"tag":"TypeVar","contents":"m"}],"constraintData":null},{"tag":"TypeApp","contents":[{"tag":"TypeApp","contents":[{"tag":"TypeConstructor","contents":[["Prim"],"Function"]},{"tag":"ForAll","contents":["a",{"tag":"TypeApp","contents":[{"tag":"TypeApp","contents":[{"tag":"TypeConstructor","contents":[["Prim"],"Function"]},{"tag":"TypeApp","contents":[{"tag":"TypeVar","contents":"f"},{"tag":"TypeVar","contents":"a"}]}]},{"tag":"TypeApp","contents":[{"tag":"TypeVar","contents":"m"},{"tag":"TypeVar","contents":"a"}]}]},211]}]},{"tag":"ForAll","contents":["a",{"tag":"TypeApp","contents":[{"tag":"TypeApp","contents":[{"tag":"TypeConstructor","contents":[["Prim"],"Function"]},{"tag":"TypeApp","contents":[{"tag":"TypeApp","contents":[{"tag":"TypeConstructor","contents":[["Control","Monad","Free"],"Free"]},{"tag":"TypeVar","contents":"f"}]},{"tag":"TypeVar","contents":"a"}]}]},{"tag":"TypeApp","contents":[{"tag":"TypeVar","contents":"m"},{"tag":"TypeVar","contents":"a"}]}]},212]}]}]},213]},214]}}},{"EDValue":{"edValueName":{"Ident":"substFree"},"edValueType":{"tag":"ForAll","contents":["g",{"tag":"ForAll","contents":["f",{"tag":"TypeApp","contents":[{"tag":"TypeApp","contents":[{"tag":"TypeConstructor","contents":[["Prim"],"Function"]},{"tag":"ForAll","contents":["a",{"tag":"TypeApp","contents":[{"tag":"TypeApp","contents":[{"tag":"TypeConstructor","contents":[["Prim"],"Function"]},{"tag":"TypeApp","contents":[{"tag":"TypeVar","contents":"f"},{"tag":"TypeVar","contents":"a"}]}]},{"tag":"TypeApp","contents":[{"tag":"TypeApp","contents":[{"tag":"TypeConstructor","contents":[["Control","Monad","Free"],"Free"]},{"tag":"TypeVar","contents":"g"}]},{"tag":"TypeVar","contents":"a"}]}]},10]}]},{"tag":"ForAll","contents":["a",{"tag":"TypeApp","contents":[{"tag":"TypeApp","contents":[{"tag":"TypeConstructor","contents":[["Prim"],"Function"]},{"tag":"TypeApp","contents":[{"tag":"TypeApp","contents":[{"tag":"TypeConstructor","contents":[["Control","Monad","Free"],"Free"]},{"tag":"TypeVar","contents":"f"}]},{"tag":"TypeVar","contents":"a"}]}]},{"tag":"TypeApp","contents":[{"tag":"TypeApp","contents":[{"tag":"TypeConstructor","contents":[["Control","Monad","Free"],"Free"]},{"tag":"TypeVar","contents":"g"}]},{"tag":"TypeVar","contents":"a"}]}]},11]}]},12]},13]}}},{"EDValue":{"edValueName":{"Ident":"runFree"},"edValueType":{"tag":"ForAll","contents":["a",{"tag":"ForAll","contents":["f",{"tag":"ConstrainedType","contents":[{"constraintClass":[["Data","Functor"],"Functor"],"constraintArgs":[{"tag":"TypeVar","contents":"f"}],"constraintData":null},{"tag":"TypeApp","contents":[{"tag":"TypeApp","contents":[{"tag":"TypeConstructor","contents":[["Prim"],"Function"]},{"tag":"TypeApp","contents":[{"tag":"TypeApp","contents":[{"tag":"TypeConstructor","contents":[["Prim"],"Function"]},{"tag":"TypeApp","contents":[{"tag":"TypeVar","contents":"f"},{"tag":"TypeApp","contents":[{"tag":"TypeApp","contents":[{"tag":"TypeConstructor","contents":[["Control","Monad","Free"],"Free"]},{"tag":"TypeVar","contents":"f"}]},{"tag":"TypeVar","contents":"a"}]}]}]},{"tag":"TypeApp","contents":[{"tag":"TypeApp","contents":[{"tag":"TypeConstructor","contents":[["Control","Monad","Free"],"Free"]},{"tag":"TypeVar","contents":"f"}]},{"tag":"TypeVar","contents":"a"}]}]}]},{"tag":"TypeApp","contents":[{"tag":"TypeApp","contents":[{"tag":"TypeConstructor","contents":[["Prim"],"Function"]},{"tag":"TypeApp","contents":[{"tag":"TypeApp","contents":[{"tag":"TypeConstructor","contents":[["Control","Monad","Free"],"Free"]},{"tag":"TypeVar","contents":"f"}]},{"tag":"TypeVar","contents":"a"}]}]},{"tag":"TypeVar","contents":"a"}]}]}]},31]},32]}}},{"EDValue":{"edValueName":{"Ident":"runFreeM"},"edValueType":{"tag":"ForAll","contents":["a",{"tag":"ForAll","contents":["m",{"tag":"ForAll","contents":["f",{"tag":"ConstrainedType","contents":[{"constraintClass":[["Data","Functor"],"Functor"],"constraintArgs":[{"tag":"TypeVar","contents":"f"}],"constraintData":null},{"tag":"ConstrainedType","contents":[{"constraintClass":[["Control","Monad","Rec","Class"],"MonadRec"],"constraintArgs":[{"tag":"TypeVar","contents":"m"}],"constraintData":null},{"tag":"TypeApp","contents":[{"tag":"TypeApp","contents":[{"tag":"TypeConstructor","contents":[["Prim"],"Function"]},{"tag":"TypeApp","contents":[{"tag":"TypeApp","contents":[{"tag":"TypeConstructor","contents":[["Prim"],"Function"]},{"tag":"TypeApp","contents":[{"tag":"TypeVar","contents":"f"},{"tag":"TypeApp","contents":[{"tag":"TypeApp","contents":[{"tag":"TypeConstructor","contents":[["Control","Monad","Free"],"Free"]},{"tag":"TypeVar","contents":"f"}]},{"tag":"TypeVar","contents":"a"}]}]}]},{"tag":"TypeApp","contents":[{"tag":"TypeVar","contents":"m"},{"tag":"TypeApp","contents":[{"tag":"TypeApp","contents":[{"tag":"TypeConstructor","contents":[["Control","Monad","Free"],"Free"]},{"tag":"TypeVar","contents":"f"}]},{"tag":"TypeVar","contents":"a"}]}]}]}]},{"tag":"TypeApp","contents":[{"tag":"TypeApp","contents":[{"tag":"TypeConstructor","contents":[["Prim"],"Function"]},{"tag":"TypeApp","contents":[{"tag":"TypeApp","contents":[{"tag":"TypeConstructor","contents":[["Control","Monad","Free"],"Free"]},{"tag":"TypeVar","contents":"f"}]},{"tag":"TypeVar","contents":"a"}]}]},{"tag":"TypeApp","contents":[{"tag":"TypeVar","contents":"m"},{"tag":"TypeVar","contents":"a"}]}]}]}]}]},21]},22]},23]}}},{"EDValue":{"edValueName":{"Ident":"resume"},"edValueType":{"tag":"ForAll","contents":["a",{"tag":"ForAll","contents":["f",{"tag":"ConstrainedType","contents":[{"constraintClass":[["Data","Functor"],"Functor"],"constraintArgs":[{"tag":"TypeVar","contents":"f"}],"constraintData":null},{"tag":"TypeApp","contents":[{"tag":"TypeApp","contents":[{"tag":"TypeConstructor","contents":[["Prim"],"Function"]},{"tag":"TypeApp","contents":[{"tag":"TypeApp","contents":[{"tag":"TypeConstructor","contents":[["Control","Monad","Free"],"Free"]},{"tag":"TypeVar","contents":"f"}]},{"tag":"TypeVar","contents":"a"}]}]},{"tag":"TypeApp","contents":[{"tag":"TypeApp","contents":[{"tag":"TypeConstructor","contents":[["Data","Either"],"Either"]},{"tag":"TypeApp","contents":[{"tag":"TypeVar","contents":"f"},{"tag":"TypeApp","contents":[{"tag":"TypeApp","contents":[{"tag":"TypeConstructor","contents":[["Control","Monad","Free"],"Free"]},{"tag":"TypeVar","contents":"f"}]},{"tag":"TypeVar","contents":"a"}]}]}]},{"tag":"TypeVar","contents":"a"}]}]}]},42]},43]}}},{"EDValue":{"edValueName":{"Ident":"resume'"},"edValueType":{"tag":"ForAll","contents":["r",{"tag":"ForAll","contents":["a",{"tag":"ForAll","contents":["f",{"tag":"TypeApp","contents":[{"tag":"TypeApp","contents":[{"tag":"TypeConstructor","contents":[["Prim"],"Function"]},{"tag":"ForAll","contents":["b",{"tag":"TypeApp","contents":[{"tag":"TypeApp","contents":[{"tag":"TypeConstructor","contents":[["Prim"],"Function"]},{"tag":"TypeApp","contents":[{"tag":"TypeVar","contents":"f"},{"tag":"TypeVar","contents":"b"}]}]},{"tag":"TypeApp","contents":[{"tag":"TypeApp","contents":[{"tag":"TypeConstructor","contents":[["Prim"],"Function"]},{"tag":"TypeApp","contents":[{"tag":"TypeApp","contents":[{"tag":"TypeConstructor","contents":[["Prim"],"Function"]},{"tag":"TypeVar","contents":"b"}]},{"tag":"TypeApp","contents":[{"tag":"TypeApp","contents":[{"tag":"TypeConstructor","contents":[["Control","Monad","Free"],"Free"]},{"tag":"TypeVar","contents":"f"}]},{"tag":"TypeVar","contents":"a"}]}]}]},{"tag":"TypeVar","contents":"r"}]}]},35]}]},{"tag":"TypeApp","contents":[{"tag":"TypeApp","contents":[{"tag":"TypeConstructor","contents":[["Prim"],"Function"]},{"tag":"TypeApp","contents":[{"tag":"TypeApp","contents":[{"tag":"TypeConstructor","contents":[["Prim"],"Function"]},{"tag":"TypeVar","contents":"a"}]},{"tag":"TypeVar","contents":"r"}]}]},{"tag":"TypeApp","contents":[{"tag":"TypeApp","contents":[{"tag":"TypeConstructor","contents":[["Prim"],"Function"]},{"tag":"TypeApp","contents":[{"tag":"TypeApp","contents":[{"tag":"TypeConstructor","contents":[["Control","Monad","Free"],"Free"]},{"tag":"TypeVar","contents":"f"}]},{"tag":"TypeVar","contents":"a"}]}]},{"tag":"TypeVar","contents":"r"}]}]}]},36]},37]},38]}}},{"EDInstance":{"edInstanceClassName":[["Data","Eq"],"Eq"],"edInstanceName":{"Ident":"eqFree"},"edInstanceTypes":[{"tag":"TypeApp","contents":[{"tag":"TypeApp","contents":[{"tag":"TypeConstructor","contents":[["Control","Monad","Free"],"Free"]},{"tag":"TypeVar","contents":"f"}]},{"tag":"TypeVar","contents":"a"}]}],"edInstanceConstraints":[{"constraintClass":[["Data","Functor"],"Functor"],"constraintArgs":[{"tag":"TypeVar","contents":"f"}],"constraintData":null},{"constraintClass":[["Data","Eq"],"Eq1"],"constraintArgs":[{"tag":"TypeVar","contents":"f"}],"constraintData":null},{"constraintClass":[["Data","Eq"],"Eq"],"constraintArgs":[{"tag":"TypeVar","contents":"a"}],"constraintData":null}]}},{"EDInstance":{"edInstanceClassName":[["Data","Eq"],"Eq1"],"edInstanceName":{"Ident":"eq1Free"},"edInstanceTypes":[{"tag":"TypeApp","contents":[{"tag":"TypeConstructor","contents":[["Control","Monad","Free"],"Free"]},{"tag":"TypeVar","contents":"f"}]}],"edInstanceConstraints":[{"constraintClass":[["Data","Functor"],"Functor"],"constraintArgs":[{"tag":"TypeVar","contents":"f"}],"constraintData":null},{"constraintClass":[["Data","Eq"],"Eq1"],"constraintArgs":[{"tag":"TypeVar","contents":"f"}],"constraintData":null}]}},{"EDInstance":{"edInstanceClassName":[["Data","Ord"],"Ord"],"edInstanceName":{"Ident":"ordFree"},"edInstanceTypes":[{"tag":"TypeApp","contents":[{"tag":"TypeApp","contents":[{"tag":"TypeConstructor","contents":[["Control","Monad","Free"],"Free"]},{"tag":"TypeVar","contents":"f"}]},{"tag":"TypeVar","contents":"a"}]}],"edInstanceConstraints":[{"constraintClass":[["Data","Functor"],"Functor"],"constraintArgs":[{"tag":"TypeVar","contents":"f"}],"constraintData":null},{"constraintClass":[["Data","Ord"],"Ord1"],"constraintArgs":[{"tag":"TypeVar","contents":"f"}],"constraintData":null},{"constraintClass":[["Data","Ord"],"Ord"],"constraintArgs":[{"tag":"TypeVar","contents":"a"}],"constraintData":null}]}},{"EDInstance":{"edInstanceClassName":[["Data","Ord"],"Ord1"],"edInstanceName":{"Ident":"ord1Free"},"edInstanceTypes":[{"tag":"TypeApp","contents":[{"tag":"TypeConstructor","contents":[["Control","Monad","Free"],"Free"]},{"tag":"TypeVar","contents":"f"}]}],"edInstanceConstraints":[{"constraintClass":[["Data","Functor"],"Functor"],"constraintArgs":[{"tag":"TypeVar","contents":"f"}],"constraintData":null},{"constraintClass":[["Data","Ord"],"Ord1"],"constraintArgs":[{"tag":"TypeVar","contents":"f"}],"constraintData":null},{"constraintClass":[["Data","Ord"],"Ord"],"constraintArgs":[{"tag":"TypeVar","contents":"a"}],"constraintData":null}]}},{"EDInstance":{"edInstanceClassName":[["Data","Functor"],"Functor"],"edInstanceName":{"Ident":"freeFunctor"},"edInstanceTypes":[{"tag":"TypeApp","contents":[{"tag":"TypeConstructor","contents":[["Control","Monad","Free"],"Free"]},{"tag":"TypeVar","contents":"f"}]}],"edInstanceConstraints":[]}},{"EDInstance":{"edInstanceClassName":[["Control","Bind"],"Bind"],"edInstanceName":{"Ident":"freeBind"},"edInstanceTypes":[{"tag":"TypeApp","contents":[{"tag":"TypeConstructor","contents":[["Control","Monad","Free"],"Free"]},{"tag":"TypeVar","contents":"f"}]}],"edInstanceConstraints":[]}},{"EDInstance":{"edInstanceClassName":[["Control","Applicative"],"Applicative"],"edInstanceName":{"Ident":"freeApplicative"},"edInstanceTypes":[{"tag":"TypeApp","contents":[{"tag":"TypeConstructor","contents":[["Control","Monad","Free"],"Free"]},{"tag":"TypeVar","contents":"f"}]}],"edInstanceConstraints":[]}},{"EDInstance":{"edInstanceClassName":[["Control","Apply"],"Apply"],"edInstanceName":{"Ident":"freeApply"},"edInstanceTypes":[{"tag":"TypeApp","contents":[{"tag":"TypeConstructor","contents":[["Control","Monad","Free"],"Free"]},{"tag":"TypeVar","contents":"f"}]}],"edInstanceConstraints":[]}},{"EDInstance":{"edInstanceClassName":[["Control","Monad"],"Monad"],"edInstanceName":{"Ident":"freeMonad"},"edInstanceTypes":[{"tag":"TypeApp","contents":[{"tag":"TypeConstructor","contents":[["Control","Monad","Free"],"Free"]},{"tag":"TypeVar","contents":"f"}]}],"edInstanceConstraints":[]}},{"EDInstance":{"edInstanceClassName":[["Control","Monad","Trans","Class"],"MonadTrans"],"edInstanceName":{"Ident":"freeMonadTrans"},"edInstanceTypes":[{"tag":"TypeConstructor","contents":[["Control","Monad","Free"],"Free"]}],"edInstanceConstraints":[]}},{"EDInstance":{"edInstanceClassName":[["Control","Monad","Rec","Class"],"MonadRec"],"edInstanceName":{"Ident":"freeMonadRec"},"edInstanceTypes":[{"tag":"TypeApp","contents":[{"tag":"TypeConstructor","contents":[["Control","Monad","Free"],"Free"]},{"tag":"TypeVar","contents":"f"}]}],"edInstanceConstraints":[]}},{"EDInstance":{"edInstanceClassName":[["Data","Foldable"],"Foldable"],"edInstanceName":{"Ident":"foldableFree"},"edInstanceTypes":[{"tag":"TypeApp","contents":[{"tag":"TypeConstructor","contents":[["Control","Monad","Free"],"Free"]},{"tag":"TypeVar","contents":"f"}]}],"edInstanceConstraints":[{"constraintClass":[["Data","Functor"],"Functor"],"constraintArgs":[{"tag":"TypeVar","contents":"f"}],"constraintData":null},{"constraintClass":[["Data","Foldable"],"Foldable"],"constraintArgs":[{"tag":"TypeVar","contents":"f"}],"constraintData":null}]}},{"EDInstance":{"edInstanceClassName":[["Data","Traversable"],"Traversable"],"edInstanceName":{"Ident":"traversableFree"},"edInstanceTypes":[{"tag":"TypeApp","contents":[{"tag":"TypeConstructor","contents":[["Control","Monad","Free"],"Free"]},{"tag":"TypeVar","contents":"f"}]}],"edInstanceConstraints":[{"constraintClass":[["Data","Traversable"],"Traversable"],"constraintArgs":[{"tag":"TypeVar","contents":"f"}],"constraintData":null}]}}],"efSourceSpan":{"start":[1,1],"name":"C:\\Users\\Shashi\\juspay\\cube-rotation-narayan\\bower_components\\purescript-free\\src\\Control\\Monad\\Free.purs","end":[238,21]}}