{"efVersion":"0.11.7","efModuleName":["Data","Lens","Common"],"efExports":[{"ReExportRef":[{"start":[1,1],"name":"C:\\Users\\Shashi\\juspay\\cube-rotation-narayan\\bower_components\\purescript-profunctor-lenses\\src\\Data\\Lens\\Common.purs","end":[12,46]},["Data","Lens","Lens","Tuple"],{"ValueRef":[{"start":[1,1],"name":"C:\\Users\\Shashi\\juspay\\cube-rotation-narayan\\bower_components\\purescript-profunctor-lenses\\src\\Data\\Lens\\Common.purs","end":[12,46]},{"Ident":"_1"}]}]},{"ReExportRef":[{"start":[1,1],"name":"C:\\Users\\Shashi\\juspay\\cube-rotation-narayan\\bower_components\\purescript-profunctor-lenses\\src\\Data\\Lens\\Common.purs","end":[12,46]},["Data","Lens","Lens","Tuple"],{"ValueRef":[{"start":[1,1],"name":"C:\\Users\\Shashi\\juspay\\cube-rotation-narayan\\bower_components\\purescript-profunctor-lenses\\src\\Data\\Lens\\Common.purs","end":[12,46]},{"Ident":"_2"}]}]},{"ReExportRef":[{"start":[1,1],"name":"C:\\Users\\Shashi\\juspay\\cube-rotation-narayan\\bower_components\\purescript-profunctor-lenses\\src\\Data\\Lens\\Common.purs","end":[12,46]},["Data","Lens","Prism","Maybe"],{"ValueRef":[{"start":[1,1],"name":"C:\\Users\\Shashi\\juspay\\cube-rotation-narayan\\bower_components\\purescript-profunctor-lenses\\src\\Data\\Lens\\Common.purs","end":[12,46]},{"Ident":"_Just"}]}]},{"ReExportRef":[{"start":[1,1],"name":"C:\\Users\\Shashi\\juspay\\cube-rotation-narayan\\bower_components\\purescript-profunctor-lenses\\src\\Data\\Lens\\Common.purs","end":[12,46]},["Data","Lens","Prism","Either"],{"ValueRef":[{"start":[1,1],"name":"C:\\Users\\Shashi\\juspay\\cube-rotation-narayan\\bower_components\\purescript-profunctor-lenses\\src\\Data\\Lens\\Common.purs","end":[12,46]},{"Ident":"_Left"}]}]},{"ReExportRef":[{"start":[1,1],"name":"C:\\Users\\Shashi\\juspay\\cube-rotation-narayan\\bower_components\\purescript-profunctor-lenses\\src\\Data\\Lens\\Common.purs","end":[12,46]},["Data","Lens","Prism","Maybe"],{"ValueRef":[{"start":[1,1],"name":"C:\\Users\\Shashi\\juspay\\cube-rotation-narayan\\bower_components\\purescript-profunctor-lenses\\src\\Data\\Lens\\Common.purs","end":[12,46]},{"Ident":"_Nothing"}]}]},{"ReExportRef":[{"start":[1,1],"name":"C:\\Users\\Shashi\\juspay\\cube-rotation-narayan\\bower_components\\purescript-profunctor-lenses\\src\\Data\\Lens\\Common.purs","end":[12,46]},["Data","Lens","Prism","Either"],{"ValueRef":[{"start":[1,1],"name":"C:\\Users\\Shashi\\juspay\\cube-rotation-narayan\\bower_components\\purescript-profunctor-lenses\\src\\Data\\Lens\\Common.purs","end":[12,46]},{"Ident":"_Right"}]}]},{"ReExportRef":[{"start":[1,1],"name":"C:\\Users\\Shashi\\juspay\\cube-rotation-narayan\\bower_components\\purescript-profunctor-lenses\\src\\Data\\Lens\\Common.purs","end":[12,46]},["Data","Profunctor","Strong"],{"ValueRef":[{"start":[1,1],"name":"C:\\Users\\Shashi\\juspay\\cube-rotation-narayan\\bower_components\\purescript-profunctor-lenses\\src\\Data\\Lens\\Common.purs","end":[12,46]},{"Ident":"first"}]}]},{"ReExportRef":[{"start":[1,1],"name":"C:\\Users\\Shashi\\juspay\\cube-rotation-narayan\\bower_components\\purescript-profunctor-lenses\\src\\Data\\Lens\\Common.purs","end":[12,46]},["Data","Profunctor","Choice"],{"ValueRef":[{"start":[1,1],"name":"C:\\Users\\Shashi\\juspay\\cube-rotation-narayan\\bower_components\\purescript-profunctor-lenses\\src\\Data\\Lens\\Common.purs","end":[12,46]},{"Ident":"left"}]}]},{"ReExportRef":[{"start":[1,1],"name":"C:\\Users\\Shashi\\juspay\\cube-rotation-narayan\\bower_components\\purescript-profunctor-lenses\\src\\Data\\Lens\\Common.purs","end":[12,46]},["Data","Profunctor","Choice"],{"ValueRef":[{"start":[1,1],"name":"C:\\Users\\Shashi\\juspay\\cube-rotation-narayan\\bower_components\\purescript-profunctor-lenses\\src\\Data\\Lens\\Common.purs","end":[12,46]},{"Ident":"right"}]}]},{"ReExportRef":[{"start":[1,1],"name":"C:\\Users\\Shashi\\juspay\\cube-rotation-narayan\\bower_components\\purescript-profunctor-lenses\\src\\Data\\Lens\\Common.purs","end":[12,46]},["Data","Profunctor","Strong"],{"ValueRef":[{"start":[1,1],"name":"C:\\Users\\Shashi\\juspay\\cube-rotation-narayan\\bower_components\\purescript-profunctor-lenses\\src\\Data\\Lens\\Common.purs","end":[12,46]},{"Ident":"second"}]}]},{"ReExportRef":[{"start":[1,1],"name":"C:\\Users\\Shashi\\juspay\\cube-rotation-narayan\\bower_components\\purescript-profunctor-lenses\\src\\Data\\Lens\\Common.purs","end":[12,46]},["Data","Lens","Lens","Unit"],{"ValueRef":[{"start":[1,1],"name":"C:\\Users\\Shashi\\juspay\\cube-rotation-narayan\\bower_components\\purescript-profunctor-lenses\\src\\Data\\Lens\\Common.purs","end":[12,46]},{"Ident":"united"}]}]},{"ModuleRef":[{"start":[3,5],"name":"C:\\Users\\Shashi\\juspay\\cube-rotation-narayan\\bower_components\\purescript-profunctor-lenses\\src\\Data\\Lens\\Common.purs","end":[3,32]},["Data","Lens","Lens","Tuple"]]},{"ModuleRef":[{"start":[4,5],"name":"C:\\Users\\Shashi\\juspay\\cube-rotation-narayan\\bower_components\\purescript-profunctor-lenses\\src\\Data\\Lens\\Common.purs","end":[4,31]},["Data","Lens","Lens","Unit"]]},{"ModuleRef":[{"start":[5,5],"name":"C:\\Users\\Shashi\\juspay\\cube-rotation-narayan\\bower_components\\purescript-profunctor-lenses\\src\\Data\\Lens\\Common.purs","end":[5,34]},["Data","Lens","Prism","Either"]]},{"ModuleRef":[{"start":[6,5],"name":"C:\\Users\\Shashi\\juspay\\cube-rotation-narayan\\bower_components\\purescript-profunctor-lenses\\src\\Data\\Lens\\Common.purs","end":[6,33]},["Data","Lens","Prism","Maybe"]]}],"efImports":[{"eiModule":["Prim"],"eiImportType":{"Implicit":[]},"eiImportedAs":["Prim"]},{"eiModule":["Prim"],"eiImportType":{"Implicit":[]},"eiImportedAs":null},{"eiModule":["Data","Lens","Lens","Tuple"],"eiImportType":{"Explicit":[{"ValueRef":[{"start":[9,30],"name":"C:\\Users\\Shashi\\juspay\\cube-rotation-narayan\\bower_components\\purescript-profunctor-lenses\\src\\Data\\Lens\\Common.purs","end":[9,32]},{"Ident":"_1"}]},{"ValueRef":[{"start":[9,34],"name":"C:\\Users\\Shashi\\juspay\\cube-rotation-narayan\\bower_components\\purescript-profunctor-lenses\\src\\Data\\Lens\\Common.purs","end":[9,36]},{"Ident":"_2"}]},{"ValueRef":[{"start":[9,38],"name":"C:\\Users\\Shashi\\juspay\\cube-rotation-narayan\\bower_components\\purescript-profunctor-lenses\\src\\Data\\Lens\\Common.purs","end":[9,43]},{"Ident":"first"}]},{"ValueRef":[{"start":[9,45],"name":"C:\\Users\\Shashi\\juspay\\cube-rotation-narayan\\bower_components\\purescript-profunctor-lenses\\src\\Data\\Lens\\Common.purs","end":[9,51]},{"Ident":"second"}]}]},"eiImportedAs":null},{"eiModule":["Data","Lens","Lens","Unit"],"eiImportType":{"Explicit":[{"ValueRef":[{"start":[10,29],"name":"C:\\Users\\Shashi\\juspay\\cube-rotation-narayan\\bower_components\\purescript-profunctor-lenses\\src\\Data\\Lens\\Common.purs","end":[10,35]},{"Ident":"united"}]}]},"eiImportedAs":null},{"eiModule":["Data","Lens","Prism","Either"],"eiImportType":{"Explicit":[{"ValueRef":[{"start":[11,32],"name":"C:\\Users\\Shashi\\juspay\\cube-rotation-narayan\\bower_components\\purescript-profunctor-lenses\\src\\Data\\Lens\\Common.purs","end":[11,37]},{"Ident":"_Left"}]},{"ValueRef":[{"start":[11,39],"name":"C:\\Users\\Shashi\\juspay\\cube-rotation-narayan\\bower_components\\purescript-profunctor-lenses\\src\\Data\\Lens\\Common.purs","end":[11,45]},{"Ident":"_Right"}]},{"ValueRef":[{"start":[11,47],"name":"C:\\Users\\Shashi\\juspay\\cube-rotation-narayan\\bower_components\\purescript-profunctor-lenses\\src\\Data\\Lens\\Common.purs","end":[11,51]},{"Ident":"left"}]},{"ValueRef":[{"start":[11,53],"name":"C:\\Users\\Shashi\\juspay\\cube-rotation-narayan\\bower_components\\purescript-profunctor-lenses\\src\\Data\\Lens\\Common.purs","end":[11,58]},{"Ident":"right"}]}]},"eiImportedAs":null},{"eiModule":["Data","Lens","Prism","Maybe"],"eiImportType":{"Explicit":[{"ValueRef":[{"start":[12,31],"name":"C:\\Users\\Shashi\\juspay\\cube-rotation-narayan\\bower_components\\purescript-profunctor-lenses\\src\\Data\\Lens\\Common.purs","end":[12,36]},{"Ident":"_Just"}]},{"ValueRef":[{"start":[12,38],"name":"C:\\Users\\Shashi\\juspay\\cube-rotation-narayan\\bower_components\\purescript-profunctor-lenses\\src\\Data\\Lens\\Common.purs","end":[12,46]},{"Ident":"_Nothing"}]}]},"eiImportedAs":null}],"efFixities":[],"efTypeFixities":[],"efDeclarations":[],"efSourceSpan":{"start":[1,1],"name":"C:\\Users\\Shashi\\juspay\\cube-rotation-narayan\\bower_components\\purescript-profunctor-lenses\\src\\Data\\Lens\\Common.purs","end":[12,46]}}