{"efVersion":"0.11.7","efModuleName":["Data","DateTime"],"efExports":[{"ReExportRef":[{"start":[1,1],"name":"C:\\Users\\Shashi\\juspay\\cube-rotation-narayan\\bower_components\\purescript-datetime\\src\\Data\\DateTime.purs","end":[101,12]},["Data","Date"],{"TypeRef":[{"start":[1,1],"name":"C:\\Users\\Shashi\\juspay\\cube-rotation-narayan\\bower_components\\purescript-datetime\\src\\Data\\DateTime.purs","end":[101,12]},"Date",[]]}]},{"ReExportRef":[{"start":[1,1],"name":"C:\\Users\\Shashi\\juspay\\cube-rotation-narayan\\bower_components\\purescript-datetime\\src\\Data\\DateTime.purs","end":[101,12]},["Data","Date","Component"],{"TypeRef":[{"start":[1,1],"name":"C:\\Users\\Shashi\\juspay\\cube-rotation-narayan\\bower_components\\purescript-datetime\\src\\Data\\DateTime.purs","end":[101,12]},"Day",[]]}]},{"ReExportRef":[{"start":[1,1],"name":"C:\\Users\\Shashi\\juspay\\cube-rotation-narayan\\bower_components\\purescript-datetime\\src\\Data\\DateTime.purs","end":[101,12]},["Data","Time","Component"],{"TypeRef":[{"start":[1,1],"name":"C:\\Users\\Shashi\\juspay\\cube-rotation-narayan\\bower_components\\purescript-datetime\\src\\Data\\DateTime.purs","end":[101,12]},"Hour",[]]}]},{"ReExportRef":[{"start":[1,1],"name":"C:\\Users\\Shashi\\juspay\\cube-rotation-narayan\\bower_components\\purescript-datetime\\src\\Data\\DateTime.purs","end":[101,12]},["Data","Time","Component"],{"TypeRef":[{"start":[1,1],"name":"C:\\Users\\Shashi\\juspay\\cube-rotation-narayan\\bower_components\\purescript-datetime\\src\\Data\\DateTime.purs","end":[101,12]},"Millisecond",[]]}]},{"ReExportRef":[{"start":[1,1],"name":"C:\\Users\\Shashi\\juspay\\cube-rotation-narayan\\bower_components\\purescript-datetime\\src\\Data\\DateTime.purs","end":[101,12]},["Data","Time","Component"],{"TypeRef":[{"start":[1,1],"name":"C:\\Users\\Shashi\\juspay\\cube-rotation-narayan\\bower_components\\purescript-datetime\\src\\Data\\DateTime.purs","end":[101,12]},"Minute",[]]}]},{"ReExportRef":[{"start":[1,1],"name":"C:\\Users\\Shashi\\juspay\\cube-rotation-narayan\\bower_components\\purescript-datetime\\src\\Data\\DateTime.purs","end":[101,12]},["Data","Date","Component"],{"TypeRef":[{"start":[1,1],"name":"C:\\Users\\Shashi\\juspay\\cube-rotation-narayan\\bower_components\\purescript-datetime\\src\\Data\\DateTime.purs","end":[101,12]},"Month",["April","August","December","February","January","July","June","March","May","November","October","September"]]}]},{"ReExportRef":[{"start":[1,1],"name":"C:\\Users\\Shashi\\juspay\\cube-rotation-narayan\\bower_components\\purescript-datetime\\src\\Data\\DateTime.purs","end":[101,12]},["Data","Time","Component"],{"TypeRef":[{"start":[1,1],"name":"C:\\Users\\Shashi\\juspay\\cube-rotation-narayan\\bower_components\\purescript-datetime\\src\\Data\\DateTime.purs","end":[101,12]},"Second",[]]}]},{"ReExportRef":[{"start":[1,1],"name":"C:\\Users\\Shashi\\juspay\\cube-rotation-narayan\\bower_components\\purescript-datetime\\src\\Data\\DateTime.purs","end":[101,12]},["Data","Time"],{"TypeRef":[{"start":[1,1],"name":"C:\\Users\\Shashi\\juspay\\cube-rotation-narayan\\bower_components\\purescript-datetime\\src\\Data\\DateTime.purs","end":[101,12]},"Time",["Time"]]}]},{"ReExportRef":[{"start":[1,1],"name":"C:\\Users\\Shashi\\juspay\\cube-rotation-narayan\\bower_components\\purescript-datetime\\src\\Data\\DateTime.purs","end":[101,12]},["Data","Date","Component"],{"TypeRef":[{"start":[1,1],"name":"C:\\Users\\Shashi\\juspay\\cube-rotation-narayan\\bower_components\\purescript-datetime\\src\\Data\\DateTime.purs","end":[101,12]},"Weekday",["Friday","Monday","Saturday","Sunday","Thursday","Tuesday","Wednesday"]]}]},{"ReExportRef":[{"start":[1,1],"name":"C:\\Users\\Shashi\\juspay\\cube-rotation-narayan\\bower_components\\purescript-datetime\\src\\Data\\DateTime.purs","end":[101,12]},["Data","Date","Component"],{"TypeRef":[{"start":[1,1],"name":"C:\\Users\\Shashi\\juspay\\cube-rotation-narayan\\bower_components\\purescript-datetime\\src\\Data\\DateTime.purs","end":[101,12]},"Year",[]]}]},{"ReExportRef":[{"start":[1,1],"name":"C:\\Users\\Shashi\\juspay\\cube-rotation-narayan\\bower_components\\purescript-datetime\\src\\Data\\DateTime.purs","end":[101,12]},["Data","Date"],{"ValueRef":[{"start":[1,1],"name":"C:\\Users\\Shashi\\juspay\\cube-rotation-narayan\\bower_components\\purescript-datetime\\src\\Data\\DateTime.purs","end":[101,12]},{"Ident":"canonicalDate"}]}]},{"ReExportRef":[{"start":[1,1],"name":"C:\\Users\\Shashi\\juspay\\cube-rotation-narayan\\bower_components\\purescript-datetime\\src\\Data\\DateTime.purs","end":[101,12]},["Data","Date"],{"ValueRef":[{"start":[1,1],"name":"C:\\Users\\Shashi\\juspay\\cube-rotation-narayan\\bower_components\\purescript-datetime\\src\\Data\\DateTime.purs","end":[101,12]},{"Ident":"day"}]}]},{"ReExportRef":[{"start":[1,1],"name":"C:\\Users\\Shashi\\juspay\\cube-rotation-narayan\\bower_components\\purescript-datetime\\src\\Data\\DateTime.purs","end":[101,12]},["Data","Date"],{"ValueRef":[{"start":[1,1],"name":"C:\\Users\\Shashi\\juspay\\cube-rotation-narayan\\bower_components\\purescript-datetime\\src\\Data\\DateTime.purs","end":[101,12]},{"Ident":"exactDate"}]}]},{"ReExportRef":[{"start":[1,1],"name":"C:\\Users\\Shashi\\juspay\\cube-rotation-narayan\\bower_components\\purescript-datetime\\src\\Data\\DateTime.purs","end":[101,12]},["Data","Time"],{"ValueRef":[{"start":[1,1],"name":"C:\\Users\\Shashi\\juspay\\cube-rotation-narayan\\bower_components\\purescript-datetime\\src\\Data\\DateTime.purs","end":[101,12]},{"Ident":"hour"}]}]},{"ReExportRef":[{"start":[1,1],"name":"C:\\Users\\Shashi\\juspay\\cube-rotation-narayan\\bower_components\\purescript-datetime\\src\\Data\\DateTime.purs","end":[101,12]},["Data","Time"],{"ValueRef":[{"start":[1,1],"name":"C:\\Users\\Shashi\\juspay\\cube-rotation-narayan\\bower_components\\purescript-datetime\\src\\Data\\DateTime.purs","end":[101,12]},{"Ident":"millisecond"}]}]},{"ReExportRef":[{"start":[1,1],"name":"C:\\Users\\Shashi\\juspay\\cube-rotation-narayan\\bower_components\\purescript-datetime\\src\\Data\\DateTime.purs","end":[101,12]},["Data","Time"],{"ValueRef":[{"start":[1,1],"name":"C:\\Users\\Shashi\\juspay\\cube-rotation-narayan\\bower_components\\purescript-datetime\\src\\Data\\DateTime.purs","end":[101,12]},{"Ident":"minute"}]}]},{"ReExportRef":[{"start":[1,1],"name":"C:\\Users\\Shashi\\juspay\\cube-rotation-narayan\\bower_components\\purescript-datetime\\src\\Data\\DateTime.purs","end":[101,12]},["Data","Date"],{"ValueRef":[{"start":[1,1],"name":"C:\\Users\\Shashi\\juspay\\cube-rotation-narayan\\bower_components\\purescript-datetime\\src\\Data\\DateTime.purs","end":[101,12]},{"Ident":"month"}]}]},{"ReExportRef":[{"start":[1,1],"name":"C:\\Users\\Shashi\\juspay\\cube-rotation-narayan\\bower_components\\purescript-datetime\\src\\Data\\DateTime.purs","end":[101,12]},["Data","Time"],{"ValueRef":[{"start":[1,1],"name":"C:\\Users\\Shashi\\juspay\\cube-rotation-narayan\\bower_components\\purescript-datetime\\src\\Data\\DateTime.purs","end":[101,12]},{"Ident":"second"}]}]},{"ReExportRef":[{"start":[1,1],"name":"C:\\Users\\Shashi\\juspay\\cube-rotation-narayan\\bower_components\\purescript-datetime\\src\\Data\\DateTime.purs","end":[101,12]},["Data","Time"],{"ValueRef":[{"start":[1,1],"name":"C:\\Users\\Shashi\\juspay\\cube-rotation-narayan\\bower_components\\purescript-datetime\\src\\Data\\DateTime.purs","end":[101,12]},{"Ident":"setHour"}]}]},{"ReExportRef":[{"start":[1,1],"name":"C:\\Users\\Shashi\\juspay\\cube-rotation-narayan\\bower_components\\purescript-datetime\\src\\Data\\DateTime.purs","end":[101,12]},["Data","Time"],{"ValueRef":[{"start":[1,1],"name":"C:\\Users\\Shashi\\juspay\\cube-rotation-narayan\\bower_components\\purescript-datetime\\src\\Data\\DateTime.purs","end":[101,12]},{"Ident":"setMillisecond"}]}]},{"ReExportRef":[{"start":[1,1],"name":"C:\\Users\\Shashi\\juspay\\cube-rotation-narayan\\bower_components\\purescript-datetime\\src\\Data\\DateTime.purs","end":[101,12]},["Data","Time"],{"ValueRef":[{"start":[1,1],"name":"C:\\Users\\Shashi\\juspay\\cube-rotation-narayan\\bower_components\\purescript-datetime\\src\\Data\\DateTime.purs","end":[101,12]},{"Ident":"setMinute"}]}]},{"ReExportRef":[{"start":[1,1],"name":"C:\\Users\\Shashi\\juspay\\cube-rotation-narayan\\bower_components\\purescript-datetime\\src\\Data\\DateTime.purs","end":[101,12]},["Data","Time"],{"ValueRef":[{"start":[1,1],"name":"C:\\Users\\Shashi\\juspay\\cube-rotation-narayan\\bower_components\\purescript-datetime\\src\\Data\\DateTime.purs","end":[101,12]},{"Ident":"setSecond"}]}]},{"ReExportRef":[{"start":[1,1],"name":"C:\\Users\\Shashi\\juspay\\cube-rotation-narayan\\bower_components\\purescript-datetime\\src\\Data\\DateTime.purs","end":[101,12]},["Data","Date"],{"ValueRef":[{"start":[1,1],"name":"C:\\Users\\Shashi\\juspay\\cube-rotation-narayan\\bower_components\\purescript-datetime\\src\\Data\\DateTime.purs","end":[101,12]},{"Ident":"weekday"}]}]},{"ReExportRef":[{"start":[1,1],"name":"C:\\Users\\Shashi\\juspay\\cube-rotation-narayan\\bower_components\\purescript-datetime\\src\\Data\\DateTime.purs","end":[101,12]},["Data","Date"],{"ValueRef":[{"start":[1,1],"name":"C:\\Users\\Shashi\\juspay\\cube-rotation-narayan\\bower_components\\purescript-datetime\\src\\Data\\DateTime.purs","end":[101,12]},{"Ident":"year"}]}]},{"TypeRef":[{"start":[1,1],"name":"C:\\Users\\Shashi\\juspay\\cube-rotation-narayan\\bower_components\\purescript-datetime\\src\\Data\\DateTime.purs","end":[101,12]},"DateTime",["DateTime"]]},{"ValueRef":[{"start":[1,1],"name":"C:\\Users\\Shashi\\juspay\\cube-rotation-narayan\\bower_components\\purescript-datetime\\src\\Data\\DateTime.purs","end":[101,12]},{"Ident":"date"}]},{"ValueRef":[{"start":[1,1],"name":"C:\\Users\\Shashi\\juspay\\cube-rotation-narayan\\bower_components\\purescript-datetime\\src\\Data\\DateTime.purs","end":[101,12]},{"Ident":"modifyDate"}]},{"ValueRef":[{"start":[1,1],"name":"C:\\Users\\Shashi\\juspay\\cube-rotation-narayan\\bower_components\\purescript-datetime\\src\\Data\\DateTime.purs","end":[101,12]},{"Ident":"modifyDateF"}]},{"ValueRef":[{"start":[1,1],"name":"C:\\Users\\Shashi\\juspay\\cube-rotation-narayan\\bower_components\\purescript-datetime\\src\\Data\\DateTime.purs","end":[101,12]},{"Ident":"time"}]},{"ValueRef":[{"start":[1,1],"name":"C:\\Users\\Shashi\\juspay\\cube-rotation-narayan\\bower_components\\purescript-datetime\\src\\Data\\DateTime.purs","end":[101,12]},{"Ident":"modifyTime"}]},{"ValueRef":[{"start":[1,1],"name":"C:\\Users\\Shashi\\juspay\\cube-rotation-narayan\\bower_components\\purescript-datetime\\src\\Data\\DateTime.purs","end":[101,12]},{"Ident":"modifyTimeF"}]},{"ValueRef":[{"start":[1,1],"name":"C:\\Users\\Shashi\\juspay\\cube-rotation-narayan\\bower_components\\purescript-datetime\\src\\Data\\DateTime.purs","end":[101,12]},{"Ident":"adjust"}]},{"ValueRef":[{"start":[1,1],"name":"C:\\Users\\Shashi\\juspay\\cube-rotation-narayan\\bower_components\\purescript-datetime\\src\\Data\\DateTime.purs","end":[101,12]},{"Ident":"diff"}]},{"ModuleRef":[{"start":[11,5],"name":"C:\\Users\\Shashi\\juspay\\cube-rotation-narayan\\bower_components\\purescript-datetime\\src\\Data\\DateTime.purs","end":[11,21]},["Data","Date"]]},{"ModuleRef":[{"start":[12,5],"name":"C:\\Users\\Shashi\\juspay\\cube-rotation-narayan\\bower_components\\purescript-datetime\\src\\Data\\DateTime.purs","end":[12,21]},["Data","Time"]]},{"TypeInstanceRef":[{"start":[0,0],"name":"<generated>","end":[0,0]},{"Ident":"eqDateTime"}]},{"TypeInstanceRef":[{"start":[0,0],"name":"<generated>","end":[0,0]},{"Ident":"ordDateTime"}]},{"TypeInstanceRef":[{"start":[0,0],"name":"<generated>","end":[0,0]},{"Ident":"genericDateTime"}]},{"TypeInstanceRef":[{"start":[0,0],"name":"<generated>","end":[0,0]},{"Ident":"boundedDateTime"}]},{"TypeInstanceRef":[{"start":[0,0],"name":"<generated>","end":[0,0]},{"Ident":"showDateTime"}]}],"efImports":[{"eiModule":["Prim"],"eiImportType":{"Implicit":[]},"eiImportedAs":["Prim"]},{"eiModule":["Prim"],"eiImportType":{"Implicit":[]},"eiImportedAs":null},{"eiModule":["Prelude"],"eiImportType":{"Implicit":[]},"eiImportedAs":null},{"eiModule":["Data","Date"],"eiImportType":{"Explicit":[{"TypeRef":[{"start":[17,19],"name":"C:\\Users\\Shashi\\juspay\\cube-rotation-narayan\\bower_components\\purescript-datetime\\src\\Data\\DateTime.purs","end":[17,23]},"Date",[]]},{"TypeRef":[{"start":[17,25],"name":"C:\\Users\\Shashi\\juspay\\cube-rotation-narayan\\bower_components\\purescript-datetime\\src\\Data\\DateTime.purs","end":[17,28]},"Day",[]]},{"TypeRef":[{"start":[17,30],"name":"C:\\Users\\Shashi\\juspay\\cube-rotation-narayan\\bower_components\\purescript-datetime\\src\\Data\\DateTime.purs","end":[17,39]},"Month",null]},{"TypeRef":[{"start":[17,41],"name":"C:\\Users\\Shashi\\juspay\\cube-rotation-narayan\\bower_components\\purescript-datetime\\src\\Data\\DateTime.purs","end":[17,52]},"Weekday",null]},{"TypeRef":[{"start":[17,54],"name":"C:\\Users\\Shashi\\juspay\\cube-rotation-narayan\\bower_components\\purescript-datetime\\src\\Data\\DateTime.purs","end":[17,58]},"Year",[]]},{"ValueRef":[{"start":[17,60],"name":"C:\\Users\\Shashi\\juspay\\cube-rotation-narayan\\bower_components\\purescript-datetime\\src\\Data\\DateTime.purs","end":[17,73]},{"Ident":"canonicalDate"}]},{"ValueRef":[{"start":[17,75],"name":"C:\\Users\\Shashi\\juspay\\cube-rotation-narayan\\bower_components\\purescript-datetime\\src\\Data\\DateTime.purs","end":[17,78]},{"Ident":"day"}]},{"ValueRef":[{"start":[17,80],"name":"C:\\Users\\Shashi\\juspay\\cube-rotation-narayan\\bower_components\\purescript-datetime\\src\\Data\\DateTime.purs","end":[17,89]},{"Ident":"exactDate"}]},{"ValueRef":[{"start":[17,91],"name":"C:\\Users\\Shashi\\juspay\\cube-rotation-narayan\\bower_components\\purescript-datetime\\src\\Data\\DateTime.purs","end":[17,96]},{"Ident":"month"}]},{"ValueRef":[{"start":[17,98],"name":"C:\\Users\\Shashi\\juspay\\cube-rotation-narayan\\bower_components\\purescript-datetime\\src\\Data\\DateTime.purs","end":[17,105]},{"Ident":"weekday"}]},{"ValueRef":[{"start":[17,107],"name":"C:\\Users\\Shashi\\juspay\\cube-rotation-narayan\\bower_components\\purescript-datetime\\src\\Data\\DateTime.purs","end":[17,111]},{"Ident":"year"}]}]},"eiImportedAs":null},{"eiModule":["Data","Enum"],"eiImportType":{"Explicit":[{"ValueRef":[{"start":[18,19],"name":"C:\\Users\\Shashi\\juspay\\cube-rotation-narayan\\bower_components\\purescript-datetime\\src\\Data\\DateTime.purs","end":[18,25]},{"Ident":"toEnum"}]},{"ValueRef":[{"start":[18,27],"name":"C:\\Users\\Shashi\\juspay\\cube-rotation-narayan\\bower_components\\purescript-datetime\\src\\Data\\DateTime.purs","end":[18,35]},{"Ident":"fromEnum"}]}]},"eiImportedAs":null},{"eiModule":["Data","Function","Uncurried"],"eiImportType":{"Explicit":[{"TypeRef":[{"start":[19,33],"name":"C:\\Users\\Shashi\\juspay\\cube-rotation-narayan\\bower_components\\purescript-datetime\\src\\Data\\DateTime.purs","end":[19,36]},"Fn2",[]]},{"ValueRef":[{"start":[19,38],"name":"C:\\Users\\Shashi\\juspay\\cube-rotation-narayan\\bower_components\\purescript-datetime\\src\\Data\\DateTime.purs","end":[19,44]},{"Ident":"runFn2"}]}]},"eiImportedAs":null},{"eiModule":["Data","Generic"],"eiImportType":{"Explicit":[{"TypeClassRef":[{"start":[20,22],"name":"C:\\Users\\Shashi\\juspay\\cube-rotation-narayan\\bower_components\\purescript-datetime\\src\\Data\\DateTime.purs","end":[20,35]},"Generic"]}]},"eiImportedAs":null},{"eiModule":["Data","Time"],"eiImportType":{"Explicit":[{"TypeRef":[{"start":[21,19],"name":"C:\\Users\\Shashi\\juspay\\cube-rotation-narayan\\bower_components\\purescript-datetime\\src\\Data\\DateTime.purs","end":[21,23]},"Hour",[]]},{"TypeRef":[{"start":[21,25],"name":"C:\\Users\\Shashi\\juspay\\cube-rotation-narayan\\bower_components\\purescript-datetime\\src\\Data\\DateTime.purs","end":[21,36]},"Millisecond",[]]},{"TypeRef":[{"start":[21,38],"name":"C:\\Users\\Shashi\\juspay\\cube-rotation-narayan\\bower_components\\purescript-datetime\\src\\Data\\DateTime.purs","end":[21,44]},"Minute",[]]},{"TypeRef":[{"start":[21,46],"name":"C:\\Users\\Shashi\\juspay\\cube-rotation-narayan\\bower_components\\purescript-datetime\\src\\Data\\DateTime.purs","end":[21,52]},"Second",[]]},{"TypeRef":[{"start":[21,54],"name":"C:\\Users\\Shashi\\juspay\\cube-rotation-narayan\\bower_components\\purescript-datetime\\src\\Data\\DateTime.purs","end":[21,62]},"Time",null]},{"ValueRef":[{"start":[21,64],"name":"C:\\Users\\Shashi\\juspay\\cube-rotation-narayan\\bower_components\\purescript-datetime\\src\\Data\\DateTime.purs","end":[21,68]},{"Ident":"hour"}]},{"ValueRef":[{"start":[21,70],"name":"C:\\Users\\Shashi\\juspay\\cube-rotation-narayan\\bower_components\\purescript-datetime\\src\\Data\\DateTime.purs","end":[21,77]},{"Ident":"setHour"}]},{"ValueRef":[{"start":[21,79],"name":"C:\\Users\\Shashi\\juspay\\cube-rotation-narayan\\bower_components\\purescript-datetime\\src\\Data\\DateTime.purs","end":[21,90]},{"Ident":"millisecond"}]},{"ValueRef":[{"start":[21,92],"name":"C:\\Users\\Shashi\\juspay\\cube-rotation-narayan\\bower_components\\purescript-datetime\\src\\Data\\DateTime.purs","end":[21,106]},{"Ident":"setMillisecond"}]},{"ValueRef":[{"start":[21,108],"name":"C:\\Users\\Shashi\\juspay\\cube-rotation-narayan\\bower_components\\purescript-datetime\\src\\Data\\DateTime.purs","end":[21,114]},{"Ident":"minute"}]},{"ValueRef":[{"start":[21,116],"name":"C:\\Users\\Shashi\\juspay\\cube-rotation-narayan\\bower_components\\purescript-datetime\\src\\Data\\DateTime.purs","end":[21,125]},{"Ident":"setMinute"}]},{"ValueRef":[{"start":[21,127],"name":"C:\\Users\\Shashi\\juspay\\cube-rotation-narayan\\bower_components\\purescript-datetime\\src\\Data\\DateTime.purs","end":[21,133]},{"Ident":"second"}]},{"ValueRef":[{"start":[21,135],"name":"C:\\Users\\Shashi\\juspay\\cube-rotation-narayan\\bower_components\\purescript-datetime\\src\\Data\\DateTime.purs","end":[21,144]},{"Ident":"setSecond"}]}]},"eiImportedAs":null},{"eiModule":["Data","Time","Duration"],"eiImportType":{"Explicit":[{"TypeClassRef":[{"start":[22,28],"name":"C:\\Users\\Shashi\\juspay\\cube-rotation-narayan\\bower_components\\purescript-datetime\\src\\Data\\DateTime.purs","end":[22,42]},"Duration"]},{"ValueRef":[{"start":[22,44],"name":"C:\\Users\\Shashi\\juspay\\cube-rotation-narayan\\bower_components\\purescript-datetime\\src\\Data\\DateTime.purs","end":[22,56]},{"Ident":"fromDuration"}]},{"ValueRef":[{"start":[22,58],"name":"C:\\Users\\Shashi\\juspay\\cube-rotation-narayan\\bower_components\\purescript-datetime\\src\\Data\\DateTime.purs","end":[22,68]},{"Ident":"toDuration"}]},{"TypeRef":[{"start":[22,70],"name":"C:\\Users\\Shashi\\juspay\\cube-rotation-narayan\\bower_components\\purescript-datetime\\src\\Data\\DateTime.purs","end":[22,82]},"Milliseconds",[]]}]},"eiImportedAs":null},{"eiModule":["Data","Maybe"],"eiImportType":{"Explicit":[{"TypeRef":[{"start":[23,20],"name":"C:\\Users\\Shashi\\juspay\\cube-rotation-narayan\\bower_components\\purescript-datetime\\src\\Data\\DateTime.purs","end":[23,29]},"Maybe",null]}]},"eiImportedAs":null}],"efFixities":[],"efTypeFixities":[],"efDeclarations":[{"EDType":{"edTypeName":"DateTime","edTypeKind":{"tag":"NamedKind","contents":[["Prim"],"Type"]},"edTypeDeclarationKind":{"DataType":{"args":[],"ctors":[["DateTime",[{"tag":"TypeConstructor","contents":[["Data","Date"],"Date"]},{"tag":"TypeConstructor","contents":[["Data","Time"],"Time"]}]]]}}}},{"EDDataConstructor":{"edDataCtorName":"DateTime","edDataCtorOrigin":"data","edDataCtorTypeCtor":"DateTime","edDataCtorType":{"tag":"TypeApp","contents":[{"tag":"TypeApp","contents":[{"tag":"TypeConstructor","contents":[["Prim"],"Function"]},{"tag":"TypeConstructor","contents":[["Data","Date"],"Date"]}]},{"tag":"TypeApp","contents":[{"tag":"TypeApp","contents":[{"tag":"TypeConstructor","contents":[["Prim"],"Function"]},{"tag":"TypeConstructor","contents":[["Data","Time"],"Time"]}]},{"tag":"TypeConstructor","contents":[["Data","DateTime"],"DateTime"]}]}]},"edDataCtorFields":[{"Ident":"value0"},{"Ident":"value1"}]}},{"EDValue":{"edValueName":{"Ident":"date"},"edValueType":{"tag":"TypeApp","contents":[{"tag":"TypeApp","contents":[{"tag":"TypeConstructor","contents":[["Prim"],"Function"]},{"tag":"TypeConstructor","contents":[["Data","DateTime"],"DateTime"]}]},{"tag":"TypeConstructor","contents":[["Data","Date"],"Date"]}]}}},{"EDValue":{"edValueName":{"Ident":"modifyDate"},"edValueType":{"tag":"TypeApp","contents":[{"tag":"TypeApp","contents":[{"tag":"TypeConstructor","contents":[["Prim"],"Function"]},{"tag":"TypeApp","contents":[{"tag":"TypeApp","contents":[{"tag":"TypeConstructor","contents":[["Prim"],"Function"]},{"tag":"TypeConstructor","contents":[["Data","Date"],"Date"]}]},{"tag":"TypeConstructor","contents":[["Data","Date"],"Date"]}]}]},{"tag":"TypeApp","contents":[{"tag":"TypeApp","contents":[{"tag":"TypeConstructor","contents":[["Prim"],"Function"]},{"tag":"TypeConstructor","contents":[["Data","DateTime"],"DateTime"]}]},{"tag":"TypeConstructor","contents":[["Data","DateTime"],"DateTime"]}]}]}}},{"EDValue":{"edValueName":{"Ident":"modifyDateF"},"edValueType":{"tag":"ForAll","contents":["f",{"tag":"ConstrainedType","contents":[{"constraintClass":[["Data","Functor"],"Functor"],"constraintArgs":[{"tag":"TypeVar","contents":"f"}],"constraintData":null},{"tag":"TypeApp","contents":[{"tag":"TypeApp","contents":[{"tag":"TypeConstructor","contents":[["Prim"],"Function"]},{"tag":"TypeApp","contents":[{"tag":"TypeApp","contents":[{"tag":"TypeConstructor","contents":[["Prim"],"Function"]},{"tag":"TypeConstructor","contents":[["Data","Date"],"Date"]}]},{"tag":"TypeApp","contents":[{"tag":"TypeVar","contents":"f"},{"tag":"TypeConstructor","contents":[["Data","Date"],"Date"]}]}]}]},{"tag":"TypeApp","contents":[{"tag":"TypeApp","contents":[{"tag":"TypeConstructor","contents":[["Prim"],"Function"]},{"tag":"TypeConstructor","contents":[["Data","DateTime"],"DateTime"]}]},{"tag":"TypeApp","contents":[{"tag":"TypeVar","contents":"f"},{"tag":"TypeConstructor","contents":[["Data","DateTime"],"DateTime"]}]}]}]}]},2]}}},{"EDValue":{"edValueName":{"Ident":"time"},"edValueType":{"tag":"TypeApp","contents":[{"tag":"TypeApp","contents":[{"tag":"TypeConstructor","contents":[["Prim"],"Function"]},{"tag":"TypeConstructor","contents":[["Data","DateTime"],"DateTime"]}]},{"tag":"TypeConstructor","contents":[["Data","Time"],"Time"]}]}}},{"EDValue":{"edValueName":{"Ident":"modifyTime"},"edValueType":{"tag":"TypeApp","contents":[{"tag":"TypeApp","contents":[{"tag":"TypeConstructor","contents":[["Prim"],"Function"]},{"tag":"TypeApp","contents":[{"tag":"TypeApp","contents":[{"tag":"TypeConstructor","contents":[["Prim"],"Function"]},{"tag":"TypeConstructor","contents":[["Data","Time"],"Time"]}]},{"tag":"TypeConstructor","contents":[["Data","Time"],"Time"]}]}]},{"tag":"TypeApp","contents":[{"tag":"TypeApp","contents":[{"tag":"TypeConstructor","contents":[["Prim"],"Function"]},{"tag":"TypeConstructor","contents":[["Data","DateTime"],"DateTime"]}]},{"tag":"TypeConstructor","contents":[["Data","DateTime"],"DateTime"]}]}]}}},{"EDValue":{"edValueName":{"Ident":"modifyTimeF"},"edValueType":{"tag":"ForAll","contents":["f",{"tag":"ConstrainedType","contents":[{"constraintClass":[["Data","Functor"],"Functor"],"constraintArgs":[{"tag":"TypeVar","contents":"f"}],"constraintData":null},{"tag":"TypeApp","contents":[{"tag":"TypeApp","contents":[{"tag":"TypeConstructor","contents":[["Prim"],"Function"]},{"tag":"TypeApp","contents":[{"tag":"TypeApp","contents":[{"tag":"TypeConstructor","contents":[["Prim"],"Function"]},{"tag":"TypeConstructor","contents":[["Data","Time"],"Time"]}]},{"tag":"TypeApp","contents":[{"tag":"TypeVar","contents":"f"},{"tag":"TypeConstructor","contents":[["Data","Time"],"Time"]}]}]}]},{"tag":"TypeApp","contents":[{"tag":"TypeApp","contents":[{"tag":"TypeConstructor","contents":[["Prim"],"Function"]},{"tag":"TypeConstructor","contents":[["Data","DateTime"],"DateTime"]}]},{"tag":"TypeApp","contents":[{"tag":"TypeVar","contents":"f"},{"tag":"TypeConstructor","contents":[["Data","DateTime"],"DateTime"]}]}]}]}]},0]}}},{"EDValue":{"edValueName":{"Ident":"adjust"},"edValueType":{"tag":"ForAll","contents":["d",{"tag":"ConstrainedType","contents":[{"constraintClass":[["Data","Time","Duration"],"Duration"],"constraintArgs":[{"tag":"TypeVar","contents":"d"}],"constraintData":null},{"tag":"TypeApp","contents":[{"tag":"TypeApp","contents":[{"tag":"TypeConstructor","contents":[["Prim"],"Function"]},{"tag":"TypeVar","contents":"d"}]},{"tag":"TypeApp","contents":[{"tag":"TypeApp","contents":[{"tag":"TypeConstructor","contents":[["Prim"],"Function"]},{"tag":"TypeConstructor","contents":[["Data","DateTime"],"DateTime"]}]},{"tag":"TypeApp","contents":[{"tag":"TypeConstructor","contents":[["Data","Maybe"],"Maybe"]},{"tag":"TypeConstructor","contents":[["Data","DateTime"],"DateTime"]}]}]}]}]},10]}}},{"EDValue":{"edValueName":{"Ident":"diff"},"edValueType":{"tag":"ForAll","contents":["d",{"tag":"ConstrainedType","contents":[{"constraintClass":[["Data","Time","Duration"],"Duration"],"constraintArgs":[{"tag":"TypeVar","contents":"d"}],"constraintData":null},{"tag":"TypeApp","contents":[{"tag":"TypeApp","contents":[{"tag":"TypeConstructor","contents":[["Prim"],"Function"]},{"tag":"TypeConstructor","contents":[["Data","DateTime"],"DateTime"]}]},{"tag":"TypeApp","contents":[{"tag":"TypeApp","contents":[{"tag":"TypeConstructor","contents":[["Prim"],"Function"]},{"tag":"TypeConstructor","contents":[["Data","DateTime"],"DateTime"]}]},{"tag":"TypeVar","contents":"d"}]}]}]},5]}}},{"EDInstance":{"edInstanceClassName":[["Data","Eq"],"Eq"],"edInstanceName":{"Ident":"eqDateTime"},"edInstanceTypes":[{"tag":"TypeConstructor","contents":[["Data","DateTime"],"DateTime"]}],"edInstanceConstraints":[]}},{"EDInstance":{"edInstanceClassName":[["Data","Ord"],"Ord"],"edInstanceName":{"Ident":"ordDateTime"},"edInstanceTypes":[{"tag":"TypeConstructor","contents":[["Data","DateTime"],"DateTime"]}],"edInstanceConstraints":[]}},{"EDInstance":{"edInstanceClassName":[["Data","Generic"],"Generic"],"edInstanceName":{"Ident":"genericDateTime"},"edInstanceTypes":[{"tag":"TypeConstructor","contents":[["Data","DateTime"],"DateTime"]}],"edInstanceConstraints":[]}},{"EDInstance":{"edInstanceClassName":[["Data","Bounded"],"Bounded"],"edInstanceName":{"Ident":"boundedDateTime"},"edInstanceTypes":[{"tag":"TypeConstructor","contents":[["Data","DateTime"],"DateTime"]}],"edInstanceConstraints":[]}},{"EDInstance":{"edInstanceClassName":[["Data","Show"],"Show"],"edInstanceName":{"Ident":"showDateTime"},"edInstanceTypes":[{"tag":"TypeConstructor","contents":[["Data","DateTime"],"DateTime"]}],"edInstanceConstraints":[]}}],"efSourceSpan":{"start":[1,1],"name":"C:\\Users\\Shashi\\juspay\\cube-rotation-narayan\\bower_components\\purescript-datetime\\src\\Data\\DateTime.purs","end":[101,12]}}